SET SESSION sql_mode = "";
SET SESSION sql_mode = "";
SET SESSION sql_mode = "";
SET SESSION sql_mode = "";
SET SESSION sql_mode = "";
SET SESSION sql_mode = "";
SET SESSION sql_mode = "";
SET SESSION sql_mode = "";
SET SESSION sql_mode = "";
SET SESSION sql_mode = "";
UPDATE `user` SET `last_login` = '2021-02-22 10:56:50', `ip_address` = '::1'
WHERE `id` = '1';
SET SESSION sql_mode = "";
SET SESSION sql_mode = "";
SET SESSION sql_mode = "";
SET SESSION sql_mode = "";
SET SESSION sql_mode = "";
SET SESSION sql_mode = "";
SET SESSION sql_mode = "";
SET SESSION sql_mode = "";
SET SESSION sql_mode = "";
SET SESSION sql_mode = "";
INSERT INTO `employee_history` (`employee_id`, `pos_id`, `first_name`, `middle_name`, `last_name`, `maiden_name`, `email`, `phone`, `alter_phone`, `present_address`, `parmanent_address`, `picture`, `dept_id`, `state`, `city`, `zip`, `citizenship`, `duty_type`, `hire_date`, `original_hire_date`, `termination_date`, `termination_reason`, `voluntary_termination`, `rehire_date`, `rate_type`, `rate`, `pay_frequency`, `pay_frequency_txt`, `hourly_rate2`, `hourly_rate3`, `home_department`, `department_text`, `class_code`, `class_code_desc`, `class_acc_date`, `class_status`, `is_super_visor`, `super_visor_id`, `supervisor_report`, `dob`, `gender`, `marital_status`, `ethnic_group`, `eeo_class_gp`, `ssn`, `work_in_state`, `live_in_state`, `home_email`, `business_email`, `home_phone`, `business_phone`, `cell_phone`, `emerg_contct`, `emrg_h_phone`, `emrg_w_phone`, `emgr_contct_relation`, `alt_em_contct`, `alt_emg_h_phone`, `alt_emg_w_phone`, `password`) VALUES (114, '1', 'new', '', 'employee', '', 'new_employee@gmail.com', '45565656', '', NULL, NULL, NULL, '3', 'Afghanistan', 'test', '44545', '1', '1', '2021-02-22', '2021-02-22', '1970-01-01', '', '', '1970-01-01', '1', '77', '4', '', '', '', '', '', '', '', '1970-01-01', '1', '0', '', '', '2021-02-22', '1', '1', '', '', 'rrrr', '1', '1', '', '', '45565656', '', '45565656', '45565656', '45565656', '45565656', '', '', '45565656', '45565656', 'e10adc3949ba59abbe56e057f20f883e');
INSERT INTO `user` (`firstname`, `lastname`, `email`, `password`, `is_admin`, `image`) VALUES ('new', 'employee', 'new_employee@gmail.com', 'e10adc3949ba59abbe56e057f20f883e', 0, '');
INSERT INTO `sec_user_access_tbl` (`fk_role_id`, `fk_user_id`) VALUES (1, 116);
INSERT INTO `acc_coa` (`HeadCode`, `HeadName`, `PHeadName`, `HeadLevel`, `IsActive`, `IsTransaction`, `IsGL`, `HeadType`, `IsBudget`, `IsDepreciation`, `DepreciationRate`, `CreateBy`, `CreateDate`) VALUES (502020000007, '114-newemployee', 'Account Payable', '2', '1', '1', '0', 'L', '0', '0', '0', 'Super Admin', '2021-02-22 11:01:55');
SET SESSION sql_mode = "";
SET SESSION sql_mode = "";
SET SESSION sql_mode = "";
SET SESSION sql_mode = "";
SET SESSION sql_mode = "";
SET SESSION sql_mode = "";
SET SESSION sql_mode = "";
SET SESSION sql_mode = "";
SET SESSION sql_mode = "";
SET SESSION sql_mode = "";
SET SESSION sql_mode = "";
SET SESSION sql_mode = "";
SET SESSION sql_mode = "";
SET SESSION sql_mode = "";
SET SESSION sql_mode = "";
SET SESSION sql_mode = "";
SET SESSION sql_mode = "";
SET SESSION sql_mode = "";
SET SESSION sql_mode = "";
SET SESSION sql_mode = "";
SET SESSION sql_mode = "";
SET SESSION sql_mode = "";
SET SESSION sql_mode = "";
SET SESSION sql_mode = "";
SET SESSION sql_mode = "";
SET SESSION sql_mode = "";
UPDATE `user` SET `last_login` = '2021-02-22 12:42:47', `ip_address` = '162.158.167.45'
WHERE `id` = '1';
SET SESSION sql_mode = "";
SET SESSION sql_mode = "";
SET SESSION sql_mode = "";
SET SESSION sql_mode = "";
SET SESSION sql_mode = "";
UPDATE `user` SET `last_logout` = '2021-02-22 12:48:02'
WHERE `id` = '1';
SET SESSION sql_mode = "";
SET SESSION sql_mode = "";
SET SESSION sql_mode = "";
SET SESSION sql_mode = "";
SET SESSION sql_mode = "";
SET SESSION sql_mode = "";
SET SESSION sql_mode = "";
SET SESSION sql_mode = "";
SET SESSION sql_mode = "";
SET SESSION sql_mode = "";
SET SESSION sql_mode = "";
SET SESSION sql_mode = "";
SET SESSION sql_mode = "";
UPDATE `user` SET `last_login` = '2021-02-22 12:48:55', `ip_address` = '162.158.167.45'
WHERE `id` = '2';
SET SESSION sql_mode = "";
SET SESSION sql_mode = "";
SET SESSION sql_mode = "";
SET SESSION sql_mode = "";
SET SESSION sql_mode = "";
SET SESSION sql_mode = "";
SET SESSION sql_mode = "";
SET SESSION sql_mode = "";
INSERT INTO `equipment_type` (`type_id`, `type_name`) VALUES ('', 'Laptop');
SET SESSION sql_mode = "";
SET SESSION sql_mode = "";
SET SESSION sql_mode = "";
SET SESSION sql_mode = "";
SET SESSION sql_mode = "";
INSERT INTO `equipment_type` (`type_id`, `type_name`) VALUES ('', 'Chairs');
SET SESSION sql_mode = "";
SET SESSION sql_mode = "";
SET SESSION sql_mode = "";
SET SESSION sql_mode = "";
SET SESSION sql_mode = "";
INSERT INTO `equipment_type` (`type_id`, `type_name`) VALUES ('', 'test');
SET SESSION sql_mode = "";
SET SESSION sql_mode = "";
SET SESSION sql_mode = "";
SET SESSION sql_mode = "";
SET SESSION sql_mode = "";
SET SESSION sql_mode = "";
SET SESSION sql_mode = "";
SET SESSION sql_mode = "";
UPDATE `equipment_type` SET `type_id` = '3', `type_name` = 'testfgf'
WHERE `type_id` = '3';
SET SESSION sql_mode = "";
SET SESSION sql_mode = "";
SET SESSION sql_mode = "";
SET SESSION sql_mode = "";
SET SESSION sql_mode = "";
DELETE FROM `equipment_type`
WHERE `type_id` = '3';
SET SESSION sql_mode = "";
SET SESSION sql_mode = "";
SET SESSION sql_mode = "";
SET SESSION sql_mode = "";
SET SESSION sql_mode = "";
SET SESSION sql_mode = "";
SET SESSION sql_mode = "";
SET SESSION sql_mode = "";
INSERT INTO `equipment` (`equipment_id`, `equipment_name`, `type_id`, `model`, `serial_no`) VALUES ('', 'Test-Chair', '2', 'm-564', '1');
SET SESSION sql_mode = "";
SET SESSION sql_mode = "";
SET SESSION sql_mode = "";
SET SESSION sql_mode = "";
SET SESSION sql_mode = "";
INSERT INTO `equipment` (`equipment_id`, `equipment_name`, `type_id`, `model`, `serial_no`) VALUES ('', 'Test-Laptop', '1', 'm-876', '2');
SET SESSION sql_mode = "";
SET SESSION sql_mode = "";
SET SESSION sql_mode = "";
SET SESSION sql_mode = "";
SET SESSION sql_mode = "";
SET SESSION sql_mode = "";
SET SESSION sql_mode = "";
SET SESSION sql_mode = "";
SET SESSION sql_mode = "";
SET SESSION sql_mode = "";
SET SESSION sql_mode = "";
SET SESSION sql_mode = "";
SET SESSION sql_mode = "";
SET SESSION sql_mode = "";
SET SESSION sql_mode = "";
SET SESSION sql_mode = "";
SET SESSION sql_mode = "";
INSERT INTO `bank_information` (`id`, `bank_name`, `account_name`, `account_number`, `branch_name`) VALUES ('', 'Brac Bank', 'test acc', '2222222222', 'nikunja-2');
INSERT INTO `acc_coa` (`HeadCode`, `HeadName`, `PHeadName`, `HeadLevel`, `IsActive`, `IsTransaction`, `IsGL`, `HeadType`, `IsBudget`, `IsDepreciation`, `DepreciationRate`, `CreateBy`, `CreateDate`) VALUES ('10201020001', 'Brac Bank', 'Cash At Bank', '4', '1', '1', '0', 'A', '0', '0', '0', '', '2021-02-22 12:51:20');
SET SESSION sql_mode = "";
SET SESSION sql_mode = "";
SET SESSION sql_mode = "";
SET SESSION sql_mode = "";
SET SESSION sql_mode = "";
SET SESSION sql_mode = "";
SET SESSION sql_mode = "";
SET SESSION sql_mode = "";
INSERT INTO `bank_information` (`id`, `bank_name`, `account_name`, `account_number`, `branch_name`) VALUES ('', 'City Bank', 'test2', '111111111111111', 'Gulshan-1');
INSERT INTO `acc_coa` (`HeadCode`, `HeadName`, `PHeadName`, `HeadLevel`, `IsActive`, `IsTransaction`, `IsGL`, `HeadType`, `IsBudget`, `IsDepreciation`, `DepreciationRate`, `CreateBy`, `CreateDate`) VALUES (10201020002, 'City Bank', 'Cash At Bank', '4', '1', '1', '0', 'A', '0', '0', '0', '', '2021-02-22 12:51:43');
SET SESSION sql_mode = "";
SET SESSION sql_mode = "";
SET SESSION sql_mode = "";
SET SESSION sql_mode = "";
SET SESSION sql_mode = "";
SET SESSION sql_mode = "";
SET SESSION sql_mode = "";
SET SESSION sql_mode = "";
INSERT INTO `department` (`department_name`) VALUES ('SQA');
SET SESSION sql_mode = "";
SET SESSION sql_mode = "";
SET SESSION sql_mode = "";
SET SESSION sql_mode = "";
SET SESSION sql_mode = "";
INSERT INTO `department` (`department_name`) VALUES ('Technical');
SET SESSION sql_mode = "";
SET SESSION sql_mode = "";
SET SESSION sql_mode = "";
SET SESSION sql_mode = "";
SET SESSION sql_mode = "";
INSERT INTO `department` (`department_name`) VALUES ('Marketing');
SET SESSION sql_mode = "";
SET SESSION sql_mode = "";
SET SESSION sql_mode = "";
SET SESSION sql_mode = "";
SET SESSION sql_mode = "";
SET SESSION sql_mode = "";
SET SESSION sql_mode = "";
SET SESSION sql_mode = "";
SET SESSION sql_mode = "";
SET SESSION sql_mode = "";
SET SESSION sql_mode = "";
SET SESSION sql_mode = "";
SET SESSION sql_mode = "";
SET SESSION sql_mode = "";
INSERT INTO `department` (`dept_id`, `department_name`, `parent_id`) VALUES ('', 'Backend', '2');
SET SESSION sql_mode = "";
SET SESSION sql_mode = "";
SET SESSION sql_mode = "";
SET SESSION sql_mode = "";
SET SESSION sql_mode = "";
SET SESSION sql_mode = "";
SET SESSION sql_mode = "";
SET SESSION sql_mode = "";
INSERT INTO `department` (`dept_id`, `department_name`, `parent_id`) VALUES ('', 'FrontEnd', '2');
SET SESSION sql_mode = "";
SET SESSION sql_mode = "";
SET SESSION sql_mode = "";
SET SESSION sql_mode = "";
SET SESSION sql_mode = "";
SET SESSION sql_mode = "";
SET SESSION sql_mode = "";
SET SESSION sql_mode = "";
SET SESSION sql_mode = "";
SET SESSION sql_mode = "";
SET SESSION sql_mode = "";
INSERT INTO `department` (`dept_id`, `department_name`, `parent_id`) VALUES ('', 'Testing', '1');
SET SESSION sql_mode = "";
SET SESSION sql_mode = "";
SET SESSION sql_mode = "";
SET SESSION sql_mode = "";
SET SESSION sql_mode = "";
SET SESSION sql_mode = "";
SET SESSION sql_mode = "";
SET SESSION sql_mode = "";
UPDATE `department` SET `dept_id` = '6', `department_name` = 'Tester', `parent_id` = '1'
WHERE `dept_id` = '6';
SET SESSION sql_mode = "";
SET SESSION sql_mode = "";
SET SESSION sql_mode = "";
SET SESSION sql_mode = "";
SET SESSION sql_mode = "";
SET SESSION sql_mode = "";
SET SESSION sql_mode = "";
SET SESSION sql_mode = "";
INSERT INTO `department` (`dept_id`, `department_name`, `parent_id`) VALUES ('', 'test', '3');
SET SESSION sql_mode = "";
SET SESSION sql_mode = "";
SET SESSION sql_mode = "";
SET SESSION sql_mode = "";
SET SESSION sql_mode = "";
DELETE FROM `department`
WHERE `dept_id` = '7';
SET SESSION sql_mode = "";
SET SESSION sql_mode = "";
SET SESSION sql_mode = "";
SET SESSION sql_mode = "";
SET SESSION sql_mode = "";
SET SESSION sql_mode = "";
SET SESSION sql_mode = "";
SET SESSION sql_mode = "";
INSERT INTO `position` (`position_name`, `position_details`) VALUES ('Php Programmer', 'ererw');
SET SESSION sql_mode = "";
SET SESSION sql_mode = "";
SET SESSION sql_mode = "";
SET SESSION sql_mode = "";
SET SESSION sql_mode = "";
INSERT INTO `position` (`position_name`, `position_details`) VALUES ('Python Programmer', 'dfdfd');
SET SESSION sql_mode = "";
SET SESSION sql_mode = "";
SET SESSION sql_mode = "";
SET SESSION sql_mode = "";
SET SESSION sql_mode = "";
INSERT INTO `position` (`position_name`, `position_details`) VALUES ('SQA', 'test');
SET SESSION sql_mode = "";
SET SESSION sql_mode = "";
SET SESSION sql_mode = "";
SET SESSION sql_mode = "";
SET SESSION sql_mode = "";
SET SESSION sql_mode = "";
SET SESSION sql_mode = "";
SET SESSION sql_mode = "";
SET SESSION sql_mode = "";
SET SESSION sql_mode = "";
SET SESSION sql_mode = "";
INSERT INTO `employee_history` (`employee_id`, `pos_id`, `first_name`, `middle_name`, `last_name`, `maiden_name`, `email`, `phone`, `alter_phone`, `present_address`, `parmanent_address`, `picture`, `dept_id`, `state`, `city`, `zip`, `citizenship`, `duty_type`, `hire_date`, `original_hire_date`, `termination_date`, `termination_reason`, `voluntary_termination`, `rehire_date`, `rate_type`, `rate`, `pay_frequency`, `pay_frequency_txt`, `hourly_rate2`, `hourly_rate3`, `home_department`, `department_text`, `class_code`, `class_code_desc`, `class_acc_date`, `class_status`, `is_super_visor`, `super_visor_id`, `supervisor_report`, `dob`, `gender`, `marital_status`, `ethnic_group`, `eeo_class_gp`, `ssn`, `work_in_state`, `live_in_state`, `home_email`, `business_email`, `home_phone`, `business_phone`, `cell_phone`, `emerg_contct`, `emrg_h_phone`, `emrg_w_phone`, `emgr_contct_relation`, `alt_em_contct`, `alt_emg_h_phone`, `alt_emg_w_phone`, `password`) VALUES (1, '1', 'Mahbub', '', 'Misor', '', 'msmisor5@gmail.com', '8767543', '', NULL, NULL, NULL, '4', 'Afghanistan', 'test', '1212', '1', '1', '2021-02-22', '2021-02-22', '1970-01-01', '', '', '1970-01-01', '1', '77', '4', '', '', '', '', '', '', '', '1970-01-01', '1', '0', '', '', '2021-02-22', '1', '1', '', '', 'ssn33', '1', '1', '', '', '8767543', '8767543', '8767543', '8767543', '8767543', '8767543', '', '', '8767543', '8767543', 'e10adc3949ba59abbe56e057f20f883e');
INSERT INTO `user` (`firstname`, `lastname`, `email`, `password`, `is_admin`, `image`) VALUES ('Mahbub', 'Misor', 'msmisor5@gmail.com', 'e10adc3949ba59abbe56e057f20f883e', 0, '');
INSERT INTO `sec_user_access_tbl` (`fk_role_id`, `fk_user_id`) VALUES (1, 3);
INSERT INTO `acc_coa` (`HeadCode`, `HeadName`, `PHeadName`, `HeadLevel`, `IsActive`, `IsTransaction`, `IsGL`, `HeadType`, `IsBudget`, `IsDepreciation`, `DepreciationRate`, `CreateBy`, `CreateDate`) VALUES ('502020000001', '1-MahbubMisor', 'Account Payable', '2', '1', '1', '0', 'L', '0', '0', '0', '', '2021-02-22 12:55:49');
SET SESSION sql_mode = "";
SET SESSION sql_mode = "";
SET SESSION sql_mode = "";
SET SESSION sql_mode = "";
SET SESSION sql_mode = "";
SET SESSION sql_mode = "";
SET SESSION sql_mode = "";
SET SESSION sql_mode = "";
SET SESSION sql_mode = "";
SET SESSION sql_mode = "";
SET SESSION sql_mode = "";
INSERT INTO `employee_history` (`employee_id`, `pos_id`, `first_name`, `middle_name`, `last_name`, `maiden_name`, `email`, `phone`, `alter_phone`, `present_address`, `parmanent_address`, `picture`, `dept_id`, `state`, `city`, `zip`, `citizenship`, `duty_type`, `hire_date`, `original_hire_date`, `termination_date`, `termination_reason`, `voluntary_termination`, `rehire_date`, `rate_type`, `rate`, `pay_frequency`, `pay_frequency_txt`, `hourly_rate2`, `hourly_rate3`, `home_department`, `department_text`, `class_code`, `class_code_desc`, `class_acc_date`, `class_status`, `is_super_visor`, `super_visor_id`, `supervisor_report`, `dob`, `gender`, `marital_status`, `ethnic_group`, `eeo_class_gp`, `ssn`, `work_in_state`, `live_in_state`, `home_email`, `business_email`, `home_phone`, `business_phone`, `cell_phone`, `emerg_contct`, `emrg_h_phone`, `emrg_w_phone`, `emgr_contct_relation`, `alt_em_contct`, `alt_emg_h_phone`, `alt_emg_w_phone`, `password`) VALUES (2, '1', 'Thin', '', 'Ahmed', '', 'tuhin@gmail.com', '98765432', '', NULL, NULL, './application/modules/employee/assets/images/2021-02-22/iss.jpg', '4', 'Afghanistan', 'test', '3333', '1', '1', '2021-02-22', '2021-02-22', '1970-01-01', '', '', '1970-01-01', '1', '66', '4', '', '', '', '', '', '', '', '1970-01-01', '1', '0', '', '', '2021-02-22', '1', '1', '', '', 'ssn-21', '1', '1', '', '', '98765432', '98765432', '98765432', '98765432', '98765432', '98765432', '', '', '98765432', '98765432', 'e10adc3949ba59abbe56e057f20f883e');
INSERT INTO `user` (`firstname`, `lastname`, `email`, `password`, `is_admin`, `image`) VALUES ('Thin', 'Ahmed', 'tuhin@gmail.com', 'e10adc3949ba59abbe56e057f20f883e', 0, 'application/modules/employee/assets/images/2021-02-22/iss.jpg');
INSERT INTO `sec_user_access_tbl` (`fk_role_id`, `fk_user_id`) VALUES (1, 4);
INSERT INTO `acc_coa` (`HeadCode`, `HeadName`, `PHeadName`, `HeadLevel`, `IsActive`, `IsTransaction`, `IsGL`, `HeadType`, `IsBudget`, `IsDepreciation`, `DepreciationRate`, `CreateBy`, `CreateDate`) VALUES (502020000002, '2-ThinAhmed', 'Account Payable', '2', '1', '1', '0', 'L', '0', '0', '0', '', '2021-02-22 12:57:10');
SET SESSION sql_mode = "";
SET SESSION sql_mode = "";
SET SESSION sql_mode = "";
SET SESSION sql_mode = "";
SET SESSION sql_mode = "";
SET SESSION sql_mode = "";
SET SESSION sql_mode = "";
SET SESSION sql_mode = "";
SET SESSION sql_mode = "";
SET SESSION sql_mode = "";
SET SESSION sql_mode = "";
INSERT INTO `employee_history` (`employee_id`, `pos_id`, `first_name`, `middle_name`, `last_name`, `maiden_name`, `email`, `phone`, `alter_phone`, `present_address`, `parmanent_address`, `picture`, `dept_id`, `state`, `city`, `zip`, `citizenship`, `duty_type`, `hire_date`, `original_hire_date`, `termination_date`, `termination_reason`, `voluntary_termination`, `rehire_date`, `rate_type`, `rate`, `pay_frequency`, `pay_frequency_txt`, `hourly_rate2`, `hourly_rate3`, `home_department`, `department_text`, `class_code`, `class_code_desc`, `class_acc_date`, `class_status`, `is_super_visor`, `super_visor_id`, `supervisor_report`, `dob`, `gender`, `marital_status`, `ethnic_group`, `eeo_class_gp`, `ssn`, `work_in_state`, `live_in_state`, `home_email`, `business_email`, `home_phone`, `business_phone`, `cell_phone`, `emerg_contct`, `emrg_h_phone`, `emrg_w_phone`, `emgr_contct_relation`, `alt_em_contct`, `alt_emg_h_phone`, `alt_emg_w_phone`, `password`) VALUES (3, '3', 'Testing', '', 'User', '', 'testing@gmail.com', '745321', '', NULL, NULL, NULL, '6', 'Bangladesh', 'Dhaka', '1212', '1', '1', '2021-02-22', '2021-02-22', '1970-01-01', '', '', '1970-01-01', '1', '60', '4', '', '', '', '', '', '', '', '1970-01-01', '1', '1', '', '', '2021-02-22', '2', '1', '', '', 'ssn777', '1', '1', '', '', '745321', '', '745321', '745321', '745321', '745321', '', '', '745321', '745321', 'e10adc3949ba59abbe56e057f20f883e');
INSERT INTO `user` (`firstname`, `lastname`, `email`, `password`, `is_admin`, `image`) VALUES ('Testing', 'User', 'testing@gmail.com', 'e10adc3949ba59abbe56e057f20f883e', 0, '');
INSERT INTO `sec_user_access_tbl` (`fk_role_id`, `fk_user_id`) VALUES (1, 5);
INSERT INTO `acc_coa` (`HeadCode`, `HeadName`, `PHeadName`, `HeadLevel`, `IsActive`, `IsTransaction`, `IsGL`, `HeadType`, `IsBudget`, `IsDepreciation`, `DepreciationRate`, `CreateBy`, `CreateDate`) VALUES (502020000003, '3-TestingUser', 'Account Payable', '2', '1', '1', '0', 'L', '0', '0', '0', '', '2021-02-22 12:58:40');
SET SESSION sql_mode = "";
SET SESSION sql_mode = "";
SET SESSION sql_mode = "";
SET SESSION sql_mode = "";
SET SESSION sql_mode = "";
SET SESSION sql_mode = "";
SET SESSION sql_mode = "";
SET SESSION sql_mode = "";
SET SESSION sql_mode = "";
SET SESSION sql_mode = "";
SET SESSION sql_mode = "";
SET SESSION sql_mode = "";
SET SESSION sql_mode = "";
SET SESSION sql_mode = "";
SET SESSION sql_mode = "";
SET SESSION sql_mode = "";
SET SESSION sql_mode = "";
SET SESSION sql_mode = "";
SET SESSION sql_mode = "";
SET SESSION sql_mode = "";
SET SESSION sql_mode = "";
SET SESSION sql_mode = "";
INSERT INTO `employee_equipment` (`equipment_id`, `employee_id`, `issue_date`) VALUES ('1', '1', '2021-02-22');
UPDATE `equipment` SET `is_assign` = 1
WHERE `equipment_id` = '1';
SET SESSION sql_mode = "";
SET SESSION sql_mode = "";
SET SESSION sql_mode = "";
SET SESSION sql_mode = "";
SET SESSION sql_mode = "";
SET SESSION sql_mode = "";
SET SESSION sql_mode = "";
INSERT INTO `employee_equipment` (`equipment_id`, `employee_id`, `issue_date`) VALUES ('2', '2', '2021-02-22');
UPDATE `equipment` SET `is_assign` = 1
WHERE `equipment_id` = '2';
SET SESSION sql_mode = "";
SET SESSION sql_mode = "";
SET SESSION sql_mode = "";
SET SESSION sql_mode = "";
SET SESSION sql_mode = "";
SET SESSION sql_mode = "";
SET SESSION sql_mode = "";
SET SESSION sql_mode = "";
SET SESSION sql_mode = "";
SET SESSION sql_mode = "";
SET SESSION sql_mode = "";
SET SESSION sql_mode = "";
UPDATE `equipment` SET `is_assign` = 0
WHERE `equipment_id` = '2';
DELETE FROM `employee_equipment`
WHERE `employee_id` = '2';
INSERT INTO `employee_equipment` (`equipment_id`, `employee_id`, `issue_date`) VALUES ('2', '1', '2021-02-22');
UPDATE `equipment` SET `is_assign` = 1
WHERE `equipment_id` = '2';
SET SESSION sql_mode = "";
SET SESSION sql_mode = "";
SET SESSION sql_mode = "";
SET SESSION sql_mode = "";
SET SESSION sql_mode = "";
SET SESSION sql_mode = "";
SET SESSION sql_mode = "";
SET SESSION sql_mode = "";
UPDATE `equipment` SET `is_assign` = 0
WHERE `equipment_id` = '1';
UPDATE `equipment` SET `is_assign` = 0
WHERE `equipment_id` = '2';
DELETE FROM `employee_equipment`
WHERE `employee_id` = '1';
INSERT INTO `employee_equipment` (`equipment_id`, `employee_id`, `issue_date`) VALUES ('1', '1', '2021-02-22');
UPDATE `equipment` SET `is_assign` = 1
WHERE `equipment_id` = '1';
SET SESSION sql_mode = "";
SET SESSION sql_mode = "";
SET SESSION sql_mode = "";
SET SESSION sql_mode = "";
SET SESSION sql_mode = "";
SET SESSION sql_mode = "";
SET SESSION sql_mode = "";
INSERT INTO `employee_equipment` (`equipment_id`, `employee_id`, `issue_date`) VALUES ('2', '2', '2021-02-22');
UPDATE `equipment` SET `is_assign` = 1
WHERE `equipment_id` = '2';
SET SESSION sql_mode = "";
SET SESSION sql_mode = "";
SET SESSION sql_mode = "";
SET SESSION sql_mode = "";
SET SESSION sql_mode = "";
SET SESSION sql_mode = "";
SET SESSION sql_mode = "";
SET SESSION sql_mode = "";
SET SESSION sql_mode = "";
SET SESSION sql_mode = "";
SET SESSION sql_mode = "";
SET SESSION sql_mode = "";
SET SESSION sql_mode = "";
SET SESSION sql_mode = "";
UPDATE `employee_equipment` SET `return_date` = '2021-02-22', `damarage_desc` = ''
WHERE `employee_id` = '2'
AND `equipment_id` = '2';
UPDATE `equipment` SET `is_assign` = 0
WHERE `equipment_id` = '2';
SET SESSION sql_mode = "";
SET SESSION sql_mode = "";
SET SESSION sql_mode = "";
SET SESSION sql_mode = "";
SET SESSION sql_mode = "";
SET SESSION sql_mode = "";
SET SESSION sql_mode = "";
SET SESSION sql_mode = "";
INSERT INTO `expense_information` (`id`, `expense_name`) VALUES ('', 'Current Bill');
INSERT INTO `acc_coa` (`HeadCode`, `HeadName`, `PHeadName`, `HeadLevel`, `IsActive`, `IsTransaction`, `IsGL`, `HeadType`, `IsBudget`, `IsDepreciation`, `DepreciationRate`, `CreateBy`, `CreateDate`) VALUES (402, 'Current Bill', 'Expence', '1', '1', '1', '0', 'E', '0', '0', '0', '', '2021-02-22 13:00:48');
SET SESSION sql_mode = "";
SET SESSION sql_mode = "";
SET SESSION sql_mode = "";
SET SESSION sql_mode = "";
SET SESSION sql_mode = "";
INSERT INTO `expense_information` (`id`, `expense_name`) VALUES ('', 'Tissue Paper');
INSERT INTO `acc_coa` (`HeadCode`, `HeadName`, `PHeadName`, `HeadLevel`, `IsActive`, `IsTransaction`, `IsGL`, `HeadType`, `IsBudget`, `IsDepreciation`, `DepreciationRate`, `CreateBy`, `CreateDate`) VALUES (403, 'Tissue Paper', 'Expence', '1', '1', '1', '0', 'E', '0', '0', '0', '', '2021-02-22 13:00:56');
SET SESSION sql_mode = "";
SET SESSION sql_mode = "";
SET SESSION sql_mode = "";
SET SESSION sql_mode = "";
SET SESSION sql_mode = "";
INSERT INTO `expense_information` (`id`, `expense_name`) VALUES ('', 'Biscuit');
INSERT INTO `acc_coa` (`HeadCode`, `HeadName`, `PHeadName`, `HeadLevel`, `IsActive`, `IsTransaction`, `IsGL`, `HeadType`, `IsBudget`, `IsDepreciation`, `DepreciationRate`, `CreateBy`, `CreateDate`) VALUES (404, 'Biscuit', 'Expence', '1', '1', '1', '0', 'E', '0', '0', '0', '', '2021-02-22 13:01:04');
SET SESSION sql_mode = "";
SET SESSION sql_mode = "";
SET SESSION sql_mode = "";
SET SESSION sql_mode = "";
SET SESSION sql_mode = "";
INSERT INTO `expense_information` (`id`, `expense_name`) VALUES ('', 'test');
INSERT INTO `acc_coa` (`HeadCode`, `HeadName`, `PHeadName`, `HeadLevel`, `IsActive`, `IsTransaction`, `IsGL`, `HeadType`, `IsBudget`, `IsDepreciation`, `DepreciationRate`, `CreateBy`, `CreateDate`) VALUES (405, 'test', 'Expence', '1', '1', '1', '0', 'E', '0', '0', '0', '', '2021-02-22 13:01:10');
SET SESSION sql_mode = "";
SET SESSION sql_mode = "";
SET SESSION sql_mode = "";
SET SESSION sql_mode = "";
SET SESSION sql_mode = "";
DELETE FROM `acc_coa`
WHERE `HeadName` = 'test';
DELETE FROM `expense_information`
WHERE `id` = '4';
SET SESSION sql_mode = "";
SET SESSION sql_mode = "";
SET SESSION sql_mode = "";
SET SESSION sql_mode = "";
SET SESSION sql_mode = "";
SET SESSION sql_mode = "";
SET SESSION sql_mode = "";
SET SESSION sql_mode = "";
SET SESSION sql_mode = "";
SET SESSION sql_mode = "";
SET SESSION sql_mode = "";
SET SESSION sql_mode = "";
SET SESSION sql_mode = "";
SET SESSION sql_mode = "";
INSERT INTO `acc_transaction` (`VNo`, `Vtype`, `VDate`, `COAID`, `Narration`, `Debit`, `Credit`, `IsPosted`, `CreateBy`, `CreateDate`, `IsAppove`) VALUES ('121', 'Expense', '2021-02-22', '404', 'rrew', 1000, 0, 1, '', '2021-02-22 13:02:34', 1);
INSERT INTO `acc_transaction` (`VNo`, `Vtype`, `VDate`, `COAID`, `Narration`, `Debit`, `Credit`, `IsPosted`, `CreateBy`, `CreateDate`, `IsAppove`) VALUES ('121', 'Expense', '2021-02-22', '10201020001', 'rrew', 0, 1000, 1, '', '2021-02-22 13:02:34', 1);
INSERT INTO `acc_transaction` (`VNo`, `Vtype`, `VDate`, `COAID`, `Narration`, `Debit`, `Credit`, `IsPosted`, `CreateBy`, `CreateDate`, `IsAppove`) VALUES ('222', 'Expense', '2021-02-22', '403', 'wewe', 2000, 0, 1, '', '2021-02-22 13:02:34', 1);
INSERT INTO `acc_transaction` (`VNo`, `Vtype`, `VDate`, `COAID`, `Narration`, `Debit`, `Credit`, `IsPosted`, `CreateBy`, `CreateDate`, `IsAppove`) VALUES ('222', 'Expense', '2021-02-22', '10201020001', 'wewe', 0, 2000, 1, '', '2021-02-22 13:02:34', 1);
INSERT INTO `acc_transaction` (`VNo`, `Vtype`, `VDate`, `COAID`, `Narration`, `Debit`, `Credit`, `IsPosted`, `CreateBy`, `CreateDate`, `IsAppove`) VALUES ('234', 'Expense', '2021-02-22', '402', 'wew', 4000, 0, 1, '', '2021-02-22 13:02:34', 1);
INSERT INTO `acc_transaction` (`VNo`, `Vtype`, `VDate`, `COAID`, `Narration`, `Debit`, `Credit`, `IsPosted`, `CreateBy`, `CreateDate`, `IsAppove`) VALUES ('234', 'Expense', '2021-02-22', '1020101', 'wew', 0, 4000, 1, '', '2021-02-22 13:02:34', 1);
SET SESSION sql_mode = "";
SET SESSION sql_mode = "";
SET SESSION sql_mode = "";
SET SESSION sql_mode = "";
SET SESSION sql_mode = "";
SET SESSION sql_mode = "";
SET SESSION sql_mode = "";
SET SESSION sql_mode = "";
SET SESSION sql_mode = "";
SET SESSION sql_mode = "";
SET SESSION sql_mode = "";
SET SESSION sql_mode = "";
SET SESSION sql_mode = "";
SET SESSION sql_mode = "";
INSERT INTO `income_area` (`id`, `income_field`) VALUES ('', 'Support');
INSERT INTO `acc_coa` (`HeadCode`, `HeadName`, `PHeadName`, `HeadLevel`, `IsActive`, `IsTransaction`, `IsGL`, `HeadType`, `IsBudget`, `IsDepreciation`, `DepreciationRate`, `CreateBy`, `CreateDate`) VALUES ('301', 'Support', 'Income', '1', '1', '1', '0', 'I', '0', '0', '0', '', '2021-02-22 13:03:02');
SET SESSION sql_mode = "";
SET SESSION sql_mode = "";
SET SESSION sql_mode = "";
SET SESSION sql_mode = "";
SET SESSION sql_mode = "";
INSERT INTO `income_area` (`id`, `income_field`) VALUES ('', 'Students');
INSERT INTO `acc_coa` (`HeadCode`, `HeadName`, `PHeadName`, `HeadLevel`, `IsActive`, `IsTransaction`, `IsGL`, `HeadType`, `IsBudget`, `IsDepreciation`, `DepreciationRate`, `CreateBy`, `CreateDate`) VALUES (302, 'Students', 'Income', '1', '1', '1', '0', 'I', '0', '0', '0', '', '2021-02-22 13:03:08');
SET SESSION sql_mode = "";
SET SESSION sql_mode = "";
SET SESSION sql_mode = "";
SET SESSION sql_mode = "";
SET SESSION sql_mode = "";
INSERT INTO `income_area` (`id`, `income_field`) VALUES ('', 'Software sale');
INSERT INTO `acc_coa` (`HeadCode`, `HeadName`, `PHeadName`, `HeadLevel`, `IsActive`, `IsTransaction`, `IsGL`, `HeadType`, `IsBudget`, `IsDepreciation`, `DepreciationRate`, `CreateBy`, `CreateDate`) VALUES (303, 'Software sale', 'Income', '1', '1', '1', '0', 'I', '0', '0', '0', '', '2021-02-22 13:03:15');
SET SESSION sql_mode = "";
SET SESSION sql_mode = "";
SET SESSION sql_mode = "";
SET SESSION sql_mode = "";
SET SESSION sql_mode = "";
SET SESSION sql_mode = "";
SET SESSION sql_mode = "";
SET SESSION sql_mode = "";
SET SESSION sql_mode = "";
SET SESSION sql_mode = "";
SET SESSION sql_mode = "";
SET SESSION sql_mode = "";
SET SESSION sql_mode = "";
SET SESSION sql_mode = "";
INSERT INTO `acc_transaction` (`VNo`, `Vtype`, `VDate`, `COAID`, `Narration`, `Debit`, `Credit`, `IsPosted`, `CreateBy`, `CreateDate`, `IsAppove`) VALUES ('666', 'Income', '2021-02-22', '303', 'vvv', 0, 20000, 1, '', '2021-02-22 13:03:50', 1);
INSERT INTO `acc_transaction` (`VNo`, `Vtype`, `VDate`, `COAID`, `Narration`, `Debit`, `Credit`, `IsPosted`, `CreateBy`, `CreateDate`, `IsAppove`) VALUES ('666', 'Income', '2021-02-22', '10201020001', 'vvv', 20000, 0, 1, '', '2021-02-22 13:03:50', 1);
INSERT INTO `acc_transaction` (`VNo`, `Vtype`, `VDate`, `COAID`, `Narration`, `Debit`, `Credit`, `IsPosted`, `CreateBy`, `CreateDate`, `IsAppove`) VALUES ('5555', 'Income', '2021-02-22', '302', 'bbb', 0, 15000, 1, '', '2021-02-22 13:03:50', 1);
INSERT INTO `acc_transaction` (`VNo`, `Vtype`, `VDate`, `COAID`, `Narration`, `Debit`, `Credit`, `IsPosted`, `CreateBy`, `CreateDate`, `IsAppove`) VALUES ('5555', 'Income', '2021-02-22', '10201020002', 'bbb', 15000, 0, 1, '', '2021-02-22 13:03:50', 1);
INSERT INTO `acc_transaction` (`VNo`, `Vtype`, `VDate`, `COAID`, `Narration`, `Debit`, `Credit`, `IsPosted`, `CreateBy`, `CreateDate`, `IsAppove`) VALUES ('444', 'Income', '2021-02-22', '301', 'ggg', 0, 4000, 1, '', '2021-02-22 13:03:50', 1);
INSERT INTO `acc_transaction` (`VNo`, `Vtype`, `VDate`, `COAID`, `Narration`, `Debit`, `Credit`, `IsPosted`, `CreateBy`, `CreateDate`, `IsAppove`) VALUES ('444', 'Income', '2021-02-22', '1020101', 'ggg', 4000, 0, 1, '', '2021-02-22 13:03:50', 1);
SET SESSION sql_mode = "";
SET SESSION sql_mode = "";
SET SESSION sql_mode = "";
SET SESSION sql_mode = "";
SET SESSION sql_mode = "";
SET SESSION sql_mode = "";
SET SESSION sql_mode = "";
SET SESSION sql_mode = "";
SET SESSION sql_mode = "";
SET SESSION sql_mode = "";
SET SESSION sql_mode = "";
SET SESSION sql_mode = "";
SET SESSION sql_mode = "";
SET SESSION sql_mode = "";
SET SESSION sql_mode = "";
SET SESSION sql_mode = "";
SET SESSION sql_mode = "";
SET SESSION sql_mode = "";
SET SESSION sql_mode = "";
SET SESSION sql_mode = "";
INSERT INTO `payroll_holiday` (`holiday_name`, `start_date`, `end_date`, `no_of_days`) VALUES ('Test', '2021-02-22', '2021-02-23', '2');
SET SESSION sql_mode = "";
SET SESSION sql_mode = "";
SET SESSION sql_mode = "";
SET SESSION sql_mode = "";
SET SESSION sql_mode = "";
SET SESSION sql_mode = "";
SET SESSION sql_mode = "";
SET SESSION sql_mode = "";
SET SESSION sql_mode = "";
SET SESSION sql_mode = "";
SET SESSION sql_mode = "";
INSERT INTO `payroll_holiday` (`holiday_name`, `start_date`, `end_date`, `no_of_days`) VALUES ('Eid Day', '2021-02-25', '2021-02-27', '3');
SET SESSION sql_mode = "";
SET SESSION sql_mode = "";
SET SESSION sql_mode = "";
SET SESSION sql_mode = "";
SET SESSION sql_mode = "";
SET SESSION sql_mode = "";
SET SESSION sql_mode = "";
SET SESSION sql_mode = "";
SET SESSION sql_mode = "";
SET SESSION sql_mode = "";
SET SESSION sql_mode = "";
INSERT INTO `leave_type` (`leave_type`, `leave_days`) VALUES ('Sick', '3');
SET SESSION sql_mode = "";
SET SESSION sql_mode = "";
SET SESSION sql_mode = "";
SET SESSION sql_mode = "";
SET SESSION sql_mode = "";
INSERT INTO `leave_type` (`leave_type`, `leave_days`) VALUES ('Eid', '3');
SET SESSION sql_mode = "";
SET SESSION sql_mode = "";
SET SESSION sql_mode = "";
SET SESSION sql_mode = "";
SET SESSION sql_mode = "";
SET SESSION sql_mode = "";
SET SESSION sql_mode = "";
SET SESSION sql_mode = "";
SET SESSION sql_mode = "";
SET SESSION sql_mode = "";
INSERT INTO `leave_apply` (`employee_id`, `leave_type_id`, `apply_strt_date`, `apply_end_date`, `leave_aprv_strt_date`, `leave_aprv_end_date`, `num_aprv_day`, `reason`, `apply_date`, `approve_date`, `apply_day`, `approved_by`, `apply_hard_copy`) VALUES ('1', '1', '2021-02-22', '2021-02-24', '2021-02-23', '2021-02-23', '1', '454545', '2021-02-22', '2021-02-22', '3', '3', NULL);
SET SESSION sql_mode = "";
SET SESSION sql_mode = "";
SET SESSION sql_mode = "";
SET SESSION sql_mode = "";
SET SESSION sql_mode = "";
SET SESSION sql_mode = "";
SET SESSION sql_mode = "";
SET SESSION sql_mode = "";
SET SESSION sql_mode = "";
SET SESSION sql_mode = "";
SET SESSION sql_mode = "";
UPDATE `leave_apply` SET `leave_appl_id` = '1', `employee_id` = '1', `apply_strt_date` = '2021-02-22', `apply_end_date` = '2021-02-24', `leave_aprv_strt_date` = '2021-02-23', `leave_aprv_end_date` = '2021-02-23', `num_aprv_day` = '1', `reason` = '454545', `apply_date` = '2021-02-22', `approve_date` = '2021-02-22', `approved_by` = '3', `apply_day` = '3', `leave_type` = NULL, `apply_hard_copy` = '', `leave_type_id` = '1', `status` = '1'
WHERE `leave_appl_id` = '1';
SET SESSION sql_mode = "";
SET SESSION sql_mode = "";
SET SESSION sql_mode = "";
SET SESSION sql_mode = "";
SET SESSION sql_mode = "";
SET SESSION sql_mode = "";
SET SESSION sql_mode = "";
SET SESSION sql_mode = "";
INSERT INTO `grand_loan` (`employee_id`, `permission_by`, `loan_details`, `amount`, `interest_rate`, `installment`, `installment_period`, `repayment_amount`, `date_of_approve`, `loan_status`, `repayment_start_date`) VALUES ('2', '3', 'trerew', '10000', '3', '5150', '2', '10300', '2021-02-23', '1', '2021-02-27');
INSERT INTO `acc_transaction` (`VNo`, `Vtype`, `VDate`, `COAID`, `Narration`, `Debit`, `Credit`, `IsPosted`, `CreateBy`, `CreateDate`, `IsAppove`) VALUES (1, 'GrantLoan', '2021-02-22', 1020101, 'Cash in hand Credit For Employee Id2', 0, '10000', 1, '2', '2021-02-22 13:07:01', 1);
INSERT INTO `acc_transaction` (`VNo`, `Vtype`, `VDate`, `COAID`, `Narration`, `Debit`, `Credit`, `IsPosted`, `CreateBy`, `CreateDate`, `IsAppove`) VALUES (1, 'Loan Grant', '2021-02-22', '502020000002', 'Loan for 2', '10000', 0, 1, '2', '2021-02-22 13:07:01', 1);
SET SESSION sql_mode = "";
SET SESSION sql_mode = "";
SET SESSION sql_mode = "";
SET SESSION sql_mode = "";
SET SESSION sql_mode = "";
SET SESSION sql_mode = "";
SET SESSION sql_mode = "";
SET SESSION sql_mode = "";
SET SESSION sql_mode = "";
SET SESSION sql_mode = "";
SET SESSION sql_mode = "";
SET SESSION sql_mode = "";
SET SESSION sql_mode = "";
SET SESSION sql_mode = "";
SET SESSION sql_mode = "";
SET SESSION sql_mode = "";
SET SESSION sql_mode = "";
INSERT INTO `loan_installment` (`employee_id`, `loan_id`, `installment_amount`, `payment`, `date`, `received_by`, `installment_no`, `notes`) VALUES ('2', '1', '5150', '5150', '2021-02-23', '3', '1', 'fgfgf');
INSERT INTO `acc_transaction` (`VNo`, `Vtype`, `VDate`, `COAID`, `Narration`, `Debit`, `Credit`, `IsPosted`, `CreateBy`, `CreateDate`, `IsAppove`) VALUES ('1', 'LoanInstall', '2021-02-22', 1020101, 'Cash in hand Debit For Employee Loan Id', '5150', 0, 1, '2', '2021-02-22 13:07:30', 1);
INSERT INTO `acc_transaction` (`VNo`, `Vtype`, `VDate`, `COAID`, `Narration`, `Debit`, `Credit`, `IsPosted`, `CreateBy`, `CreateDate`, `IsAppove`) VALUES ('1', 'LoanInstall', '2021-02-22', '502020000002', 'Loan Installment Receive', 0, '5150', 1, '2', '2021-02-22 13:07:30', 1);
SET SESSION sql_mode = "";
SET SESSION sql_mode = "";
SET SESSION sql_mode = "";
SET SESSION sql_mode = "";
SET SESSION sql_mode = "";
SET SESSION sql_mode = "";
SET SESSION sql_mode = "";
SET SESSION sql_mode = "";
SET SESSION sql_mode = "";
SET SESSION sql_mode = "";
SET SESSION sql_mode = "";
SET SESSION sql_mode = "";
SET SESSION sql_mode = "";
SET SESSION sql_mode = "";
SET SESSION sql_mode = "";
SET SESSION sql_mode = "";
SET SESSION sql_mode = "";
SET SESSION sql_mode = "";
SET SESSION sql_mode = "";
SET SESSION sql_mode = "";
SET SESSION sql_mode = "";
SET SESSION sql_mode = "";
INSERT INTO `notice_board` (`notice_descriptiion`, `notice_date`, `notice_type`, `notice_by`, `notice_attachment`) VALUES ('fdfdfdfd', '2021-02-23', 'Test', 'test', NULL);
SET SESSION sql_mode = "";
SET SESSION sql_mode = "";
SET SESSION sql_mode = "";
SET SESSION sql_mode = "";
SET SESSION sql_mode = "";
SET SESSION sql_mode = "";
SET SESSION sql_mode = "";
SET SESSION sql_mode = "";
SET SESSION sql_mode = "";
SET SESSION sql_mode = "";
SET SESSION sql_mode = "";
INSERT INTO `salary_type` (`sal_name`, `emp_sal_type`) VALUES ('test', '1');
SET SESSION sql_mode = "";
SET SESSION sql_mode = "";
SET SESSION sql_mode = "";
SET SESSION sql_mode = "";
SET SESSION sql_mode = "";
SET SESSION sql_mode = "";
SET SESSION sql_mode = "";
SET SESSION sql_mode = "";
SET SESSION sql_mode = "";
SET SESSION sql_mode = "";
SET SESSION sql_mode = "";
SET SESSION sql_mode = "";
SET SESSION sql_mode = "";
INSERT INTO `employee_salary_setup` (`employee_id`, `sal_type`, `salary_type_id`, `amount`, `create_date`, `gross_salary`) VALUES ('1', '1', 1, '2', '2021-02-22', '80.85');
INSERT INTO `employee_salary_setup` (`employee_id`, `sal_type`, `salary_type_id`, `amount`, `create_date`, `gross_salary`) VALUES ('1', '1', 2, '4', '2021-02-22', '80.85');
INSERT INTO `employee_salary_setup` (`employee_id`, `sal_type`, `salary_type_id`, `amount`, `create_date`, `gross_salary`) VALUES ('1', '1', 4, '2', '2021-02-22', '80.85');
INSERT INTO `employee_salary_setup` (`employee_id`, `sal_type`, `salary_type_id`, `amount`, `create_date`, `gross_salary`) VALUES ('1', '1', 3, '3', '2021-02-22', '80.85');
INSERT INTO `salary_setup_header` (`employee_id`, `salary_payable`, `absent_deduct`, `tax_manager`) VALUES ('1', NULL, 0, 0);
SET SESSION sql_mode = "";
SET SESSION sql_mode = "";
SET SESSION sql_mode = "";
SET SESSION sql_mode = "";
SET SESSION sql_mode = "";
SET SESSION sql_mode = "";
SET SESSION sql_mode = "";
SET SESSION sql_mode = "";
SET SESSION sql_mode = "";
SET SESSION sql_mode = "";
SET SESSION sql_mode = "";
SET SESSION sql_mode = "";
SET SESSION sql_mode = "";
INSERT INTO `employee_salary_setup` (`employee_id`, `sal_type`, `salary_type_id`, `amount`, `create_date`, `gross_salary`) VALUES ('2', '1', 1, '2', '2021-02-22', '69.30');
INSERT INTO `employee_salary_setup` (`employee_id`, `sal_type`, `salary_type_id`, `amount`, `create_date`, `gross_salary`) VALUES ('2', '1', 2, '3', '2021-02-22', '69.30');
INSERT INTO `employee_salary_setup` (`employee_id`, `sal_type`, `salary_type_id`, `amount`, `create_date`, `gross_salary`) VALUES ('2', '1', 4, '2', '2021-02-22', '69.30');
INSERT INTO `employee_salary_setup` (`employee_id`, `sal_type`, `salary_type_id`, `amount`, `create_date`, `gross_salary`) VALUES ('2', '1', 3, '2', '2021-02-22', '69.30');
INSERT INTO `salary_setup_header` (`employee_id`, `salary_payable`, `absent_deduct`, `tax_manager`) VALUES ('2', NULL, 0, 0);
SET SESSION sql_mode = "";
SET SESSION sql_mode = "";
SET SESSION sql_mode = "";
SET SESSION sql_mode = "";
SET SESSION sql_mode = "";
SET SESSION sql_mode = "";
SET SESSION sql_mode = "";
SET SESSION sql_mode = "";
SET SESSION sql_mode = "";
SET SESSION sql_mode = "";
SET SESSION sql_mode = "";
SET SESSION sql_mode = "";
SET SESSION sql_mode = "";
SET SESSION sql_mode = "";
INSERT INTO `salary_sheet_generate` (`name`, `gdate`, `start_date`, `end_date`, `generate_by`) VALUES ('February 2021', '2021-02-22', '2021-2-1', '2021-2-28', '');
INSERT INTO `employee_salary_payment` (`employee_id`, `total_salary`, `total_working_minutes`, `salary_name`, `working_period`) VALUES ('1', '0.00', '0.00', 'February 2021', 0);
INSERT INTO `acc_transaction` (`VNo`, `Vtype`, `VDate`, `COAID`, `Narration`, `Debit`, `Credit`, `IsPosted`, `CreateBy`, `CreateDate`, `IsAppove`) VALUES ('February 2021', 'Generated Salary', '2021-02-22', '502020000001', 'Salary For Employee Id1', 0, 0, 1, '2', '2021-02-22 13:10:07', 1);
INSERT INTO `employee_salary_payment` (`employee_id`, `total_salary`, `total_working_minutes`, `salary_name`, `working_period`) VALUES ('2', '0.00', '0.00', 'February 2021', 0);
INSERT INTO `acc_transaction` (`VNo`, `Vtype`, `VDate`, `COAID`, `Narration`, `Debit`, `Credit`, `IsPosted`, `CreateBy`, `CreateDate`, `IsAppove`) VALUES ('February 2021', 'Generated Salary', '2021-02-22', '502020000002', 'Salary For Employee Id2', 0, 0, 1, '2', '2021-02-22 13:10:07', 1);
SET SESSION sql_mode = "";
SET SESSION sql_mode = "";
SET SESSION sql_mode = "";
SET SESSION sql_mode = "";
SET SESSION sql_mode = "";
SET SESSION sql_mode = "";
SET SESSION sql_mode = "";
SET SESSION sql_mode = "";
SET SESSION sql_mode = "";
SET SESSION sql_mode = "";
SET SESSION sql_mode = "";
SET SESSION sql_mode = "";
SET SESSION sql_mode = "";
SET SESSION sql_mode = "";
SET SESSION sql_mode = "";
SET SESSION sql_mode = "";
INSERT INTO `candidate_basic_info` (`can_id`, `first_name`, `last_name`, `email`, `phone`, `alter_phone`, `present_address`, `parmanent_address`, `picture`, `ssn`, `state`, `city`, `zip`) VALUES ('16139995065044S', 'Rase;', 'Ahmed', 'rasel@gmail.com', '05690433', '432321', '', '', './application/modules/recruitment/assets/images/2021-02-22/def.jpg', 'ssn44', 'Afghanistan', 'test', '1111');
INSERT INTO `candidate_education_info` (`can_id`, `university_name`, `degree_name`, `cgp`, `comments`) VALUES ('16139995065044S', 'UITS', 'Bsc', '3.55', 'rtrtrt');
INSERT INTO `candidate_workexperience` (`can_id`, `company_name`, `working_period`, `duties`, `supervisor`) VALUES ('16139995065044S', 'Test', '2020-2021', 'test', 'test');
SET SESSION sql_mode = "";
SET SESSION sql_mode = "";
SET SESSION sql_mode = "";
SET SESSION sql_mode = "";
SET SESSION sql_mode = "";
SET SESSION sql_mode = "";
SET SESSION sql_mode = "";
SET SESSION sql_mode = "";
SET SESSION sql_mode = "";
SET SESSION sql_mode = "";
SET SESSION sql_mode = "";
SET SESSION sql_mode = "";
SET SESSION sql_mode = "";
SET SESSION sql_mode = "";
SET SESSION sql_mode = "";
SET SESSION sql_mode = "";
SET SESSION sql_mode = "";
SET SESSION sql_mode = "";
SET SESSION sql_mode = "";
SET SESSION sql_mode = "";
SET SESSION sql_mode = "";
SET SESSION sql_mode = "";
SET SESSION sql_mode = "";
SET SESSION sql_mode = "";
SET SESSION sql_mode = "";
INSERT INTO `attendance_history` (`uid`, `state`, `id`, `time`) VALUES ('1', 1, 0, '2021-02-22 09:35:00');
INSERT INTO `point_attendence` (`employee_id`, `create_date`, `created_by`, `in_time`, `point`) VALUES ('1', '2021-02-22', '2', '09:35', 0);
SET SESSION sql_mode = "";
SET SESSION sql_mode = "";
SET SESSION sql_mode = "";
SET SESSION sql_mode = "";
SET SESSION sql_mode = "";
UPDATE `user` SET `last_logout` = '2021-02-22 13:12:57'
WHERE `id` IS NULL;
SET SESSION sql_mode = "";
SET SESSION sql_mode = "";
SET SESSION sql_mode = "";
SET SESSION sql_mode = "";
SET SESSION sql_mode = "";
UPDATE `user` SET `last_login` = '2021-02-22 13:13:08', `ip_address` = '162.158.165.191'
WHERE `id` = '3';
SET SESSION sql_mode = "";
SET SESSION sql_mode = "";
SET SESSION sql_mode = "";
SET SESSION sql_mode = "";
SET SESSION sql_mode = "";
SET SESSION sql_mode = "";
SET SESSION sql_mode = "";
SET SESSION sql_mode = "";
SET SESSION sql_mode = "";
SET SESSION sql_mode = "";
SET SESSION sql_mode = "";
SET SESSION sql_mode = "";
SET SESSION sql_mode = "";
SET SESSION sql_mode = "";
SET SESSION sql_mode = "";
SET SESSION sql_mode = "";
SET SESSION sql_mode = "";
SET SESSION sql_mode = "";
SET SESSION sql_mode = "";
INSERT INTO `attendance_history` (`uid`, `state`, `id`, `time`) VALUES ('1', 1, 0, '2021-02-22 19:40:00');
INSERT INTO `point_reward` (`date`, `attendence`, `total`, `employee_id`) VALUES ('2021-02-22', 1, 1, '1');
UPDATE `point_attendence` SET `update_date` = '2021-02-22', `update_by` = '2', `in_time` = '09:35', `point` = 1
WHERE `id` = '1';
SET SESSION sql_mode = "";
SET SESSION sql_mode = "";
SET SESSION sql_mode = "";
SET SESSION sql_mode = "";
SET SESSION sql_mode = "";
SET SESSION sql_mode = "";
SET SESSION sql_mode = "";
SET SESSION sql_mode = "";
SET SESSION sql_mode = "";
SET SESSION sql_mode = "";
SET SESSION sql_mode = "";
SET SESSION sql_mode = "";
SET SESSION sql_mode = "";
SET SESSION sql_mode = "";
SET SESSION sql_mode = "";
SET SESSION sql_mode = "";
SET SESSION sql_mode = "";
SET SESSION sql_mode = "";
SET SESSION sql_mode = "";
SET SESSION sql_mode = "";
SET SESSION sql_mode = "";
SET SESSION sql_mode = "";
SET SESSION sql_mode = "";
SET SESSION sql_mode = "";
SET SESSION sql_mode = "";
SET SESSION sql_mode = "";
SET SESSION sql_mode = "";
SET SESSION sql_mode = "";
SET SESSION sql_mode = "";
INSERT INTO `attendance_history` (`uid`, `state`, `id`, `time`) VALUES ('2', 1, 0, '2021-02-22 10:15:00');
INSERT INTO `point_attendence` (`employee_id`, `create_date`, `created_by`, `in_time`, `point`) VALUES ('2', '2021-02-22', '2', '10:15', 0);
SET SESSION sql_mode = "";
SET SESSION sql_mode = "";
SET SESSION sql_mode = "";
SET SESSION sql_mode = "";
SET SESSION sql_mode = "";
SET SESSION sql_mode = "";
SET SESSION sql_mode = "";
SET SESSION sql_mode = "";
SET SESSION sql_mode = "";
SET SESSION sql_mode = "";
SET SESSION sql_mode = "";
SET SESSION sql_mode = "";
SET SESSION sql_mode = "";
SET SESSION sql_mode = "";
SET SESSION sql_mode = "";
SET SESSION sql_mode = "";
INSERT INTO `attendance_history` (`uid`, `state`, `id`, `time`) VALUES ('2', 1, 0, '2021-02-22 19:15:00');
SET SESSION sql_mode = "";
SET SESSION sql_mode = "";
SET SESSION sql_mode = "";
SET SESSION sql_mode = "";
SET SESSION sql_mode = "";
SET SESSION sql_mode = "";
SET SESSION sql_mode = "";
SET SESSION sql_mode = "";
SET SESSION sql_mode = "";
SET SESSION sql_mode = "";
SET SESSION sql_mode = "";
INSERT INTO `attendance_history` (`uid`, `state`, `id`, `time`) VALUES ('2', 1, 0, '2021-02-22 19:20:00');
SET SESSION sql_mode = "";
SET SESSION sql_mode = "";
SET SESSION sql_mode = "";
SET SESSION sql_mode = "";
SET SESSION sql_mode = "";
SET SESSION sql_mode = "";
SET SESSION sql_mode = "";
SET SESSION sql_mode = "";
SET SESSION sql_mode = "";
SET SESSION sql_mode = "";
SET SESSION sql_mode = "";
INSERT INTO `attendance_history` (`uid`, `state`, `id`, `time`) VALUES ('2', 1, 0, '2021-02-22 19:35:00');
SET SESSION sql_mode = "";
SET SESSION sql_mode = "";
SET SESSION sql_mode = "";
SET SESSION sql_mode = "";
SET SESSION sql_mode = "";
SET SESSION sql_mode = "";
SET SESSION sql_mode = "";
SET SESSION sql_mode = "";
SET SESSION sql_mode = "";
SET SESSION sql_mode = "";
SET SESSION sql_mode = "";
SET SESSION sql_mode = "";
SET SESSION sql_mode = "";
SET SESSION sql_mode = "";
SET SESSION sql_mode = "";
SET SESSION sql_mode = "";
SET SESSION sql_mode = "";
SET SESSION sql_mode = "";
SET SESSION sql_mode = "";
SET SESSION sql_mode = "";
SET SESSION sql_mode = "";
SET SESSION sql_mode = "";
SET SESSION sql_mode = "";
SET SESSION sql_mode = "";
SET SESSION sql_mode = "";
SET SESSION sql_mode = "";
SET SESSION sql_mode = "";
SET SESSION sql_mode = "";
SET SESSION sql_mode = "";
SET SESSION sql_mode = "";
INSERT INTO `point_categories` (`id`, `point_category`, `created_by`, `created_at`) VALUES ('', 'Management Points', '2', '2021-02-22 01:15:54pm');
SET SESSION sql_mode = "";
SET SESSION sql_mode = "";
SET SESSION sql_mode = "";
SET SESSION sql_mode = "";
SET SESSION sql_mode = "";
INSERT INTO `point_categories` (`id`, `point_category`, `created_by`, `created_at`) VALUES ('', 'Behaviours', '2', '2021-02-22 01:16:01pm');
SET SESSION sql_mode = "";
SET SESSION sql_mode = "";
SET SESSION sql_mode = "";
SET SESSION sql_mode = "";
SET SESSION sql_mode = "";
INSERT INTO `point_categories` (`id`, `point_category`, `created_by`, `created_at`) VALUES ('', 'Successful Project Work', '2', '2021-02-22 01:16:13pm');
SET SESSION sql_mode = "";
SET SESSION sql_mode = "";
SET SESSION sql_mode = "";
SET SESSION sql_mode = "";
SET SESSION sql_mode = "";
INSERT INTO `point_categories` (`id`, `point_category`, `created_by`, `created_at`) VALUES ('', 'test', '2', '2021-02-22 01:16:20pm');
SET SESSION sql_mode = "";
SET SESSION sql_mode = "";
SET SESSION sql_mode = "";
SET SESSION sql_mode = "";
SET SESSION sql_mode = "";
SET SESSION sql_mode = "";
SET SESSION sql_mode = "";
SET SESSION sql_mode = "";
UPDATE `point_categories` SET `id` = '4', `point_category` = 'testrtr', `update_by` = '2', `update_at` = '2021-02-22 01:16:25pm'
WHERE `id` = '4';
SET SESSION sql_mode = "";
SET SESSION sql_mode = "";
SET SESSION sql_mode = "";
SET SESSION sql_mode = "";
SET SESSION sql_mode = "";
DELETE FROM `point_categories`
WHERE `id` = '4';
SET SESSION sql_mode = "";
SET SESSION sql_mode = "";
SET SESSION sql_mode = "";
SET SESSION sql_mode = "";
SET SESSION sql_mode = "";
SET SESSION sql_mode = "";
SET SESSION sql_mode = "";
SET SESSION sql_mode = "";
SET SESSION sql_mode = "";
SET SESSION sql_mode = "";
SET SESSION sql_mode = "";
SET SESSION sql_mode = "";
SET SESSION sql_mode = "";
SET SESSION sql_mode = "";
SET SESSION sql_mode = "";
SET SESSION sql_mode = "";
SET SESSION sql_mode = "";
SET SESSION sql_mode = "";
SET SESSION sql_mode = "";
SET SESSION sql_mode = "";
SET SESSION sql_mode = "";
UPDATE `point_settings` SET `id` = '5', `general_point` = '3', `attendence_point` = '1', `attendence_start` = '09:30', `attendence_end` = '10:10', `collaborative_start` = '2021-02-01', `collaborative_end` = '2021-02-22', `updated_by` = '2', `update_at` = '2021-02-22 01:17:01pm'
WHERE `id` = '5';
SET SESSION sql_mode = "";
SET SESSION sql_mode = "";
SET SESSION sql_mode = "";
SET SESSION sql_mode = "";
SET SESSION sql_mode = "";
SET SESSION sql_mode = "";
SET SESSION sql_mode = "";
SET SESSION sql_mode = "";
SET SESSION sql_mode = "";
SET SESSION sql_mode = "";
SET SESSION sql_mode = "";
SET SESSION sql_mode = "";
SET SESSION sql_mode = "";
SET SESSION sql_mode = "";
SET SESSION sql_mode = "";
SET SESSION sql_mode = "";
SET SESSION sql_mode = "";
SET SESSION sql_mode = "";
SET SESSION sql_mode = "";
SET SESSION sql_mode = "";
SET SESSION sql_mode = "";
SET SESSION sql_mode = "";
SET SESSION sql_mode = "";
SET SESSION sql_mode = "";
SET SESSION sql_mode = "";
SET SESSION sql_mode = "";
SET SESSION sql_mode = "";
INSERT INTO `point_reward` (`date`, `collaborative`, `total`, `employee_id`) VALUES ('2021-1-22', '1', '1', '2');
INSERT INTO `point_collaborative` (`point_shared_with`, `reason`, `point`, `point_shared_by`, `created_by`, `create_date`, `point_date`) VALUES ('2', 'gggg', '1', '1', '3', '2021-02-22 01:17:36pm', '2021-01-22');
SET SESSION sql_mode = "";
SET SESSION sql_mode = "";
SET SESSION sql_mode = "";
SET SESSION sql_mode = "";
SET SESSION sql_mode = "";
SET SESSION sql_mode = "";
SET SESSION sql_mode = "";
SET SESSION sql_mode = "";
SET SESSION sql_mode = "";
SET SESSION sql_mode = "";
SET SESSION sql_mode = "";
SET SESSION sql_mode = "";
SET SESSION sql_mode = "";
SET SESSION sql_mode = "";
SET SESSION sql_mode = "";
SET SESSION sql_mode = "";
SET SESSION sql_mode = "";
SET SESSION sql_mode = "";
SET SESSION sql_mode = "";
SET SESSION sql_mode = "";
SET SESSION sql_mode = "";
SET SESSION sql_mode = "";
SET SESSION sql_mode = "";
SET SESSION sql_mode = "";
INSERT INTO `attendance_history` (`uid`, `state`, `id`, `time`) VALUES ('1', 1, 0, '2021-02-23 07:15:00');
INSERT INTO `point_attendence` (`employee_id`, `create_date`, `created_by`, `in_time`, `point`) VALUES ('1', '2021-02-23', '2', '07:15', 0);
SET SESSION sql_mode = "";
SET SESSION sql_mode = "";
SET SESSION sql_mode = "";
SET SESSION sql_mode = "";
SET SESSION sql_mode = "";
SET SESSION sql_mode = "";
SET SESSION sql_mode = "";
SET SESSION sql_mode = "";
INSERT INTO `attendance_history` (`uid`, `state`, `id`, `time`) VALUES ('1', 1, 0, '2021-02-22 19:40:00');
SET SESSION sql_mode = "";
SET SESSION sql_mode = "";
SET SESSION sql_mode = "";
SET SESSION sql_mode = "";
SET SESSION sql_mode = "";
SET SESSION sql_mode = "";
SET SESSION sql_mode = "";
SET SESSION sql_mode = "";
SET SESSION sql_mode = "";
SET SESSION sql_mode = "";
SET SESSION sql_mode = "";
SET SESSION sql_mode = "";
SET SESSION sql_mode = "";
SET SESSION sql_mode = "";
UPDATE `attendance_history` SET `atten_his_id` = '8', `uid` = '1', `state` = 1, `id` = 0, `time` = '2021-02-23 19:40:00'
WHERE `atten_his_id` = '8';
UPDATE `point_reward` SET `attendence` = 2, `total` = 2
WHERE `id` = '1';
UPDATE `point_attendence` SET `update_date` = '2021-02-23', `update_by` = '2', `in_time` = '07:15', `point` = 1
WHERE `id` = '3';
SET SESSION sql_mode = "";
SET SESSION sql_mode = "";
SET SESSION sql_mode = "";
SET SESSION sql_mode = "";
SET SESSION sql_mode = "";
SET SESSION sql_mode = "";
SET SESSION sql_mode = "";
SET SESSION sql_mode = "";
SET SESSION sql_mode = "";
SET SESSION sql_mode = "";
SET SESSION sql_mode = "";
SET SESSION sql_mode = "";
SET SESSION sql_mode = "";
SET SESSION sql_mode = "";
SET SESSION sql_mode = "";
SET SESSION sql_mode = "";
SET SESSION sql_mode = "";
SET SESSION sql_mode = "";
SET SESSION sql_mode = "";
SET SESSION sql_mode = "";
SET SESSION sql_mode = "";
SET SESSION sql_mode = "";
SET SESSION sql_mode = "";
SET SESSION sql_mode = "";
SET SESSION sql_mode = "";
SET SESSION sql_mode = "";
SET SESSION sql_mode = "";
SET SESSION sql_mode = "";
SET SESSION sql_mode = "";
SET SESSION sql_mode = "";
SET SESSION sql_mode = "";
UPDATE `user` SET `last_login` = '2021-02-23 04:13:21', `ip_address` = '172.68.169.131'
WHERE `id` = '2';
SET SESSION sql_mode = "";
SET SESSION sql_mode = "";
SET SESSION sql_mode = "";
SET SESSION sql_mode = "";
SET SESSION sql_mode = "";
SET SESSION sql_mode = "";
SET SESSION sql_mode = "";
SET SESSION sql_mode = "";
SET SESSION sql_mode = "";
SET SESSION sql_mode = "";
SET SESSION sql_mode = "";
SET SESSION sql_mode = "";
SET SESSION sql_mode = "";
SET SESSION sql_mode = "";
SET SESSION sql_mode = "";
SET SESSION sql_mode = "";
SET SESSION sql_mode = "";
SET SESSION sql_mode = "";
SET SESSION sql_mode = "";
SET SESSION sql_mode = "";
SET SESSION sql_mode = "";
SET SESSION sql_mode = "";
SET SESSION sql_mode = "";
SET SESSION sql_mode = "";
SET SESSION sql_mode = "";
SET SESSION sql_mode = "";
UPDATE `user` SET `last_login` = '2021-02-23 04:17:53', `ip_address` = '172.68.169.135'
WHERE `id` = '2';
SET SESSION sql_mode = "";
SET SESSION sql_mode = "";
SET SESSION sql_mode = "";
SET SESSION sql_mode = "";
SET SESSION sql_mode = "";
SET SESSION sql_mode = "";
SET SESSION sql_mode = "";
SET SESSION sql_mode = "";
UPDATE `user` SET `id` = '2', `firstname` = 'Manage', `lastname` = 'Admin', `email` = 'manage_admin@gmail.com', `password` = 'e10adc3949ba59abbe56e057f20f883e', `about` = '', `image` = './assets/img/user/thumb.jpg'
WHERE `id` = '2';
SET SESSION sql_mode = "";
SET SESSION sql_mode = "";
SET SESSION sql_mode = "";
SET SESSION sql_mode = "";
SET SESSION sql_mode = "";
SET SESSION sql_mode = "";
SET SESSION sql_mode = "";
SET SESSION sql_mode = "";
SET SESSION sql_mode = "";
SET SESSION sql_mode = "";
SET SESSION sql_mode = "";
SET SESSION sql_mode = "";
SET SESSION sql_mode = "";
SET SESSION sql_mode = "";
SET SESSION sql_mode = "";
SET SESSION sql_mode = "";
SET SESSION sql_mode = "";
SET SESSION sql_mode = "";
SET SESSION sql_mode = "";
SET SESSION sql_mode = "";
SET SESSION sql_mode = "";
SET SESSION sql_mode = "";
SET SESSION sql_mode = "";
DELETE FROM `sec_user_access_tbl`
WHERE `fk_user_id` = '5';
INSERT INTO `sec_user_access_tbl` (`fk_role_id`, `fk_user_id`) VALUES ('2','5');
SET SESSION sql_mode = "";
SET SESSION sql_mode = "";
SET SESSION sql_mode = "";
SET SESSION sql_mode = "";
SET SESSION sql_mode = "";
SET SESSION sql_mode = "";
SET SESSION sql_mode = "";
SET SESSION sql_mode = "";
SET SESSION sql_mode = "";
SET SESSION sql_mode = "";
SET SESSION sql_mode = "";
SET SESSION sql_mode = "";
SET SESSION sql_mode = "";
SET SESSION sql_mode = "";
UPDATE `user` SET `last_logout` = '2021-02-23 04:25:39'
WHERE `id` = '2';
SET SESSION sql_mode = "";
SET SESSION sql_mode = "";
SET SESSION sql_mode = "";
SET SESSION sql_mode = "";
SET SESSION sql_mode = "";
SET SESSION sql_mode = "";
SET SESSION sql_mode = "";
SET SESSION sql_mode = "";
UPDATE `user` SET `last_login` = '2021-02-23 04:26:10', `ip_address` = '172.68.169.135'
WHERE `id` = '5';
SET SESSION sql_mode = "";
SET SESSION sql_mode = "";
SET SESSION sql_mode = "";
SET SESSION sql_mode = "";
SET SESSION sql_mode = "";
SET SESSION sql_mode = "";
SET SESSION sql_mode = "";
SET SESSION sql_mode = "";
SET SESSION sql_mode = "";
SET SESSION sql_mode = "";
SET SESSION sql_mode = "";
SET SESSION sql_mode = "";
SET SESSION sql_mode = "";
SET SESSION sql_mode = "";
SET SESSION sql_mode = "";
SET SESSION sql_mode = "";
SET SESSION sql_mode = "";
SET SESSION sql_mode = "";
SET SESSION sql_mode = "";
SET SESSION sql_mode = "";
SET SESSION sql_mode = "";
SET SESSION sql_mode = "";
SET SESSION sql_mode = "";
SET SESSION sql_mode = "";
SET SESSION sql_mode = "";
SET SESSION sql_mode = "";
SET SESSION sql_mode = "";
SET SESSION sql_mode = "";
SET SESSION sql_mode = "";
INSERT INTO `equipment_type` (`type_id`, `type_name`) VALUES ('', 'test');
SET SESSION sql_mode = "";
SET SESSION sql_mode = "";
SET SESSION sql_mode = "";
SET SESSION sql_mode = "";
SET SESSION sql_mode = "";
SET SESSION sql_mode = "";
SET SESSION sql_mode = "";
SET SESSION sql_mode = "";
SET SESSION sql_mode = "";
SET SESSION sql_mode = "";
SET SESSION sql_mode = "";
UPDATE `employee_equipment` SET `return_date` = '2021-02-23', `damarage_desc` = ''
WHERE `employee_id` = '1'
AND `equipment_id` = '1';
UPDATE `equipment` SET `is_assign` = 0
WHERE `equipment_id` = '1';
SET SESSION sql_mode = "";
SET SESSION sql_mode = "";
SET SESSION sql_mode = "";
SET SESSION sql_mode = "";
SET SESSION sql_mode = "";
SET SESSION sql_mode = "";
SET SESSION sql_mode = "";
SET SESSION sql_mode = "";
SET SESSION sql_mode = "";
SET SESSION sql_mode = "";
SET SESSION sql_mode = "";
SET SESSION sql_mode = "";
SET SESSION sql_mode = "";
SET SESSION sql_mode = "";
SET SESSION sql_mode = "";
SET SESSION sql_mode = "";
SET SESSION sql_mode = "";
SET SESSION sql_mode = "";
SET SESSION sql_mode = "";
SET SESSION sql_mode = "";
SET SESSION sql_mode = "";
SET SESSION sql_mode = "";
SET SESSION sql_mode = "";
SET SESSION sql_mode = "";
SET SESSION sql_mode = "";
SET SESSION sql_mode = "";
SET SESSION sql_mode = "";
SET SESSION sql_mode = "";
SET SESSION sql_mode = "";
SET SESSION sql_mode = "";
SET SESSION sql_mode = "";
SET SESSION sql_mode = "";
SET SESSION sql_mode = "";
UPDATE `user` SET `last_login` = '2021-02-23 04:30:35', `ip_address` = '172.68.169.131'
WHERE `id` = '2';
SET SESSION sql_mode = "";
SET SESSION sql_mode = "";
SET SESSION sql_mode = "";
SET SESSION sql_mode = "";
SET SESSION sql_mode = "";
SET SESSION sql_mode = "";
SET SESSION sql_mode = "";
SET SESSION sql_mode = "";
SET SESSION sql_mode = "";
SET SESSION sql_mode = "";
SET SESSION sql_mode = "";
SET SESSION sql_mode = "";
SET SESSION sql_mode = "";
SET SESSION sql_mode = "";
SET SESSION sql_mode = "";
SET SESSION sql_mode = "";
SET SESSION sql_mode = "";
UPDATE `sec_role_tbl` SET `role_name` = 'New Role', `role_description` = 'testing reward point and asset module permissions'
WHERE `role_id` = '2';
DELETE FROM `sec_role_permission`
WHERE `role_id` = '2';
INSERT INTO `sec_role_permission` (`can_access`, `can_create`, `can_delete`, `can_edit`, `createby`, `createdate`, `menu_id`, `role_id`) VALUES (0,0,0,0,'2','2021-02-23 04:32:24','188','2'), (0,0,0,0,'2','2021-02-23 04:32:24','189','2'), (0,0,0,0,'2','2021-02-23 04:32:24','190','2'), (0,0,0,0,'2','2021-02-23 04:32:24','191','2'), (0,0,0,0,'2','2021-02-23 04:32:24','192','2'), (0,0,0,0,'2','2021-02-23 04:32:24','193','2'), (0,0,0,0,'2','2021-02-23 04:32:24','194','2'), (0,0,0,0,'2','2021-02-23 04:32:24','195','2'), (0,0,0,0,'2','2021-02-23 04:32:24','196','2'), (0,0,0,0,'2','2021-02-23 04:32:24','197','2'), (0,0,0,0,'2','2021-02-23 04:32:24','198','2'), (0,0,0,0,'2','2021-02-23 04:32:24','199','2'), (0,0,0,0,'2','2021-02-23 04:32:24','200','2'), (0,0,0,0,'2','2021-02-23 04:32:24','201','2'), (0,0,0,0,'2','2021-02-23 04:32:24','202','2'), (0,0,0,0,'2','2021-02-23 04:32:24','203','2'), (0,0,0,0,'2','2021-02-23 04:32:24','206','2'), (0,0,0,0,'2','2021-02-23 04:32:24','207','2'), (0,0,0,0,'2','2021-02-23 04:32:24','208','2'), ('1','1','1','1','2','2021-02-23 04:32:24','134','2'), ('1','1',0,0,'2','2021-02-23 04:32:24','137','2'), ('1','1',0,0,'2','2021-02-23 04:32:24','142','2'), ('1','1',0,0,'2','2021-02-23 04:32:24','143','2'), ('1','1',0,'1','2','2021-02-23 04:32:24','144','2'), ('1','1',0,0,'2','2021-02-23 04:32:24','145','2'), ('1','1',0,0,'2','2021-02-23 04:32:24','147','2'), ('1','1',0,0,'2','2021-02-23 04:32:24','148','2'), ('1','1',0,0,'2','2021-02-23 04:32:24','211','2'), (0,0,0,0,'2','2021-02-23 04:32:24','212','2'), (0,0,0,0,'2','2021-02-23 04:32:24','149','2'), (0,0,0,0,'2','2021-02-23 04:32:24','204','2'), (0,0,0,0,'2','2021-02-23 04:32:24','205','2'), (0,0,0,0,'2','2021-02-23 04:32:24','156','2'), (0,0,0,0,'2','2021-02-23 04:32:24','157','2'), (0,0,0,0,'2','2021-02-23 04:32:24','158','2'), (0,0,0,0,'2','2021-02-23 04:32:24','159','2'), (0,0,0,0,'2','2021-02-23 04:32:24','161','2'), (0,0,0,0,'2','2021-02-23 04:32:24','162','2'), (0,0,0,0,'2','2021-02-23 04:32:24','163','2'), (0,0,0,0,'2','2021-02-23 04:32:24','164','2'), (0,0,0,0,'2','2021-02-23 04:32:24','165','2'), (0,0,0,0,'2','2021-02-23 04:32:24','213','2'), (0,0,0,0,'2','2021-02-23 04:32:24','214','2'), (0,0,0,0,'2','2021-02-23 04:32:24','215','2'), (0,0,0,0,'2','2021-02-23 04:32:24','216','2'), (0,0,0,0,'2','2021-02-23 04:32:24','217','2'), (0,0,0,0,'2','2021-02-23 04:32:24','218','2'), (0,0,0,0,'2','2021-02-23 04:32:24','167','2'), (0,0,0,0,'2','2021-02-23 04:32:24','168','2'), (0,0,0,0,'2','2021-02-23 04:32:24','169','2'), (0,0,0,0,'2','2021-02-23 04:32:24','186','2'), (0,0,0,0,'2','2021-02-23 04:32:24','187','2'), (0,0,0,0,'2','2021-02-23 04:32:24','170','2'), (0,0,0,0,'2','2021-02-23 04:32:24','171','2'), (0,0,0,0,'2','2021-02-23 04:32:24','172','2'), (0,0,0,0,'2','2021-02-23 04:32:24','173','2'), (0,0,0,0,'2','2021-02-23 04:32:24','174','2'), (0,0,0,0,'2','2021-02-23 04:32:24','175','2'), (0,0,0,0,'2','2021-02-23 04:32:24','176','2'), (0,0,0,0,'2','2021-02-23 04:32:24','219','2'), (0,0,0,0,'2','2021-02-23 04:32:24','150','2'), (0,0,0,0,'2','2021-02-23 04:32:24','151','2'), (0,0,0,0,'2','2021-02-23 04:32:24','152','2'), (0,0,0,0,'2','2021-02-23 04:32:24','153','2'), (0,0,0,0,'2','2021-02-23 04:32:24','154','2'), (0,0,0,0,'2','2021-02-23 04:32:24','155','2'), (0,0,0,0,'2','2021-02-23 04:32:24','177','2'), (0,0,0,0,'2','2021-02-23 04:32:24','178','2'), (0,0,0,0,'2','2021-02-23 04:32:24','179','2'), (0,0,0,0,'2','2021-02-23 04:32:24','180','2'), (0,0,0,0,'2','2021-02-23 04:32:24','181','2'), (0,0,0,0,'2','2021-02-23 04:32:24','182','2'), (0,0,0,0,'2','2021-02-23 04:32:24','183','2'), ('1','1','1','1','2','2021-02-23 04:32:24','220','2'), ('1','1','1','1','2','2021-02-23 04:32:24','221','2'), ('1','1',0,0,'2','2021-02-23 04:32:24','222','2'), ('1','1',0,0,'2','2021-02-23 04:32:24','223','2'), ('1','1',0,0,'2','2021-02-23 04:32:24','224','2'), ('1','1','1','1','2','2021-02-23 04:32:24','225','2');
SET SESSION sql_mode = "";
SET SESSION sql_mode = "";
SET SESSION sql_mode = "";
SET SESSION sql_mode = "";
SET SESSION sql_mode = "";
SET SESSION sql_mode = "";
SET SESSION sql_mode = "";
SET SESSION sql_mode = "";
SET SESSION sql_mode = "";
SET SESSION sql_mode = "";
SET SESSION sql_mode = "";
UPDATE `user` SET `last_logout` = '2021-02-23 04:32:44'
WHERE `id` = '5';
SET SESSION sql_mode = "";
SET SESSION sql_mode = "";
SET SESSION sql_mode = "";
SET SESSION sql_mode = "";
SET SESSION sql_mode = "";
UPDATE `user` SET `last_login` = '2021-02-23 04:32:55', `ip_address` = '172.68.169.135'
WHERE `id` = '5';
SET SESSION sql_mode = "";
SET SESSION sql_mode = "";
SET SESSION sql_mode = "";
SET SESSION sql_mode = "";
SET SESSION sql_mode = "";
SET SESSION sql_mode = "";
SET SESSION sql_mode = "";
SET SESSION sql_mode = "";
SET SESSION sql_mode = "";
SET SESSION sql_mode = "";
SET SESSION sql_mode = "";
SET SESSION sql_mode = "";
SET SESSION sql_mode = "";
SET SESSION sql_mode = "";
SET SESSION sql_mode = "";
SET SESSION sql_mode = "";
SET SESSION sql_mode = "";
UPDATE `equipment_type` SET `type_id` = '4', `type_name` = 'tests'
WHERE `type_id` = '4';
SET SESSION sql_mode = "";
SET SESSION sql_mode = "";
SET SESSION sql_mode = "";
SET SESSION sql_mode = "";
SET SESSION sql_mode = "";
DELETE FROM `equipment_type`
WHERE `type_id` = '4';
SET SESSION sql_mode = "";
SET SESSION sql_mode = "";
SET SESSION sql_mode = "";
SET SESSION sql_mode = "";
SET SESSION sql_mode = "";
SET SESSION sql_mode = "";
SET SESSION sql_mode = "";
SET SESSION sql_mode = "";
SET SESSION sql_mode = "";
SET SESSION sql_mode = "";
SET SESSION sql_mode = "";
SET SESSION sql_mode = "";
SET SESSION sql_mode = "";
SET SESSION sql_mode = "";
UPDATE `user` SET `last_login` = '2021-02-23 05:36:26', `ip_address` = '172.68.169.135'
WHERE `id` = '1';
SET SESSION sql_mode = "";
SET SESSION sql_mode = "";
SET SESSION sql_mode = "";
SET SESSION sql_mode = "";
SET SESSION sql_mode = "";
SET SESSION sql_mode = "";
SET SESSION sql_mode = "";
SET SESSION sql_mode = "";
SET SESSION sql_mode = "";
SET SESSION sql_mode = "";
SET SESSION sql_mode = "";
SET SESSION sql_mode = "";
SET SESSION sql_mode = "";
SET SESSION sql_mode = "";
SET SESSION sql_mode = "";
SET SESSION sql_mode = "";
SET SESSION sql_mode = "";
SET SESSION sql_mode = "";
SET SESSION sql_mode = "";
SET SESSION sql_mode = "";
SET SESSION sql_mode = "";
SET SESSION sql_mode = "";
SET SESSION sql_mode = "";
SET SESSION sql_mode = "";
SET SESSION sql_mode = "";
SET SESSION sql_mode = "";
SET SESSION sql_mode = "";
SET SESSION sql_mode = "";
SET SESSION sql_mode = "";
SET SESSION sql_mode = "";
SET SESSION sql_mode = "";
SET SESSION sql_mode = "";
SET SESSION sql_mode = "";
SET SESSION sql_mode = "";
SET SESSION sql_mode = "";
SET SESSION sql_mode = "";
SET SESSION sql_mode = "";
SET SESSION sql_mode = "";
SET SESSION sql_mode = "";
INSERT INTO `employee_salary_setup` (`employee_id`, `sal_type`, `salary_type_id`, `amount`, `create_date`, `gross_salary`) VALUES ('2', '1', 1, '1', '2021-02-23', '66.66');
INSERT INTO `employee_salary_setup` (`employee_id`, `sal_type`, `salary_type_id`, `amount`, `create_date`, `gross_salary`) VALUES ('2', '1', 2, '1', '2021-02-23', '66.66');
INSERT INTO `employee_salary_setup` (`employee_id`, `sal_type`, `salary_type_id`, `amount`, `create_date`, `gross_salary`) VALUES ('2', '1', 4, '1', '2021-02-23', '66.66');
INSERT INTO `employee_salary_setup` (`employee_id`, `sal_type`, `salary_type_id`, `amount`, `create_date`, `gross_salary`) VALUES ('2', '1', 3, '2', '2021-02-23', '66.66');
INSERT INTO `salary_setup_header` (`employee_id`, `salary_payable`, `absent_deduct`, `tax_manager`) VALUES ('2', NULL, 0, 0);
SET SESSION sql_mode = "";
SET SESSION sql_mode = "";
SET SESSION sql_mode = "";
SET SESSION sql_mode = "";
SET SESSION sql_mode = "";
SET SESSION sql_mode = "";
SET SESSION sql_mode = "";
SET SESSION sql_mode = "";
SET SESSION sql_mode = "";
SET SESSION sql_mode = "";
SET SESSION sql_mode = "";
SET SESSION sql_mode = "";
SET SESSION sql_mode = "";
SET SESSION sql_mode = "";
SET SESSION sql_mode = "";
SET SESSION sql_mode = "";
SET SESSION sql_mode = "";
SET SESSION sql_mode = "";
SET SESSION sql_mode = "";
SET SESSION sql_mode = "";
SET SESSION sql_mode = "";
SET SESSION sql_mode = "";
SET SESSION sql_mode = "";
SET SESSION sql_mode = "";
SET SESSION sql_mode = "";
SET SESSION sql_mode = "";
SET SESSION sql_mode = "";
SET SESSION sql_mode = "";
UPDATE `user` SET `last_login` = '2021-02-23 06:53:47', `ip_address` = '172.68.169.131'
WHERE `id` = '2';
SET SESSION sql_mode = "";
SET SESSION sql_mode = "";
SET SESSION sql_mode = "";
SET SESSION sql_mode = "";
SET SESSION sql_mode = "";
SET SESSION sql_mode = "";
SET SESSION sql_mode = "";
SET SESSION sql_mode = "";
INSERT INTO `employee_history` (`employee_id`, `pos_id`, `first_name`, `middle_name`, `last_name`, `maiden_name`, `email`, `phone`, `alter_phone`, `present_address`, `parmanent_address`, `picture`, `dept_id`, `state`, `city`, `zip`, `citizenship`, `duty_type`, `hire_date`, `original_hire_date`, `termination_date`, `termination_reason`, `voluntary_termination`, `rehire_date`, `rate_type`, `rate`, `pay_frequency`, `pay_frequency_txt`, `hourly_rate2`, `hourly_rate3`, `home_department`, `department_text`, `class_code`, `class_code_desc`, `class_acc_date`, `class_status`, `is_super_visor`, `super_visor_id`, `supervisor_report`, `dob`, `gender`, `marital_status`, `ethnic_group`, `eeo_class_gp`, `ssn`, `work_in_state`, `live_in_state`, `home_email`, `business_email`, `home_phone`, `business_phone`, `cell_phone`, `emerg_contct`, `emrg_h_phone`, `emrg_w_phone`, `emgr_contct_relation`, `alt_em_contct`, `alt_emg_h_phone`, `alt_emg_w_phone`, `password`) VALUES (4, '2', 'rusel', '', 'lan', '', 'rusel@em.com', '48465486', '', NULL, NULL, './application/modules/employee/assets/images/2021-02-23/fac.jpg', '4', 'Afghanistan', '', '', '1', '1', '2021-02-17', '2021-02-09', '1970-01-01', '', '', '1970-01-01', '1', '12322', '4', '', '', '', '', '', '', '', '1970-01-01', '1', '0', '', '', '2002-02-05', '1', '1', '', '', '2132', '1', '1', '', '', '2143232432432', '', '3432432432432', '32432432432432', '3243243243223', '32432423432', '', '', '3243243254324', '3432432423432', '25d55ad283aa400af464c76d713c07ad');
INSERT INTO `user` (`firstname`, `lastname`, `email`, `password`, `is_admin`, `image`) VALUES ('rusel', 'lan', 'rusel@em.com', '25d55ad283aa400af464c76d713c07ad', 0, 'application/modules/employee/assets/images/2021-02-23/fac.jpg');
INSERT INTO `sec_user_access_tbl` (`fk_role_id`, `fk_user_id`) VALUES (1, 6);
INSERT INTO `acc_coa` (`HeadCode`, `HeadName`, `PHeadName`, `HeadLevel`, `IsActive`, `IsTransaction`, `IsGL`, `HeadType`, `IsBudget`, `IsDepreciation`, `DepreciationRate`, `CreateBy`, `CreateDate`) VALUES (502020000004, '4-rusellan', 'Account Payable', '2', '1', '1', '0', 'L', '0', '0', '0', 'Manage Admin', '2021-02-23 06:55:54');
SET SESSION sql_mode = "";
SET SESSION sql_mode = "";
SET SESSION sql_mode = "";
SET SESSION sql_mode = "";
SET SESSION sql_mode = "";
SET SESSION sql_mode = "";
SET SESSION sql_mode = "";
SET SESSION sql_mode = "";
SET SESSION sql_mode = "";
SET SESSION sql_mode = "";
SET SESSION sql_mode = "";
SET SESSION sql_mode = "";
SET SESSION sql_mode = "";
SET SESSION sql_mode = "";
SET SESSION sql_mode = "";
SET SESSION sql_mode = "";
INSERT INTO `user` (`id`, `firstname`, `lastname`, `email`, `password`, `about`, `image`, `last_login`, `last_logout`, `ip_address`, `status`, `is_admin`) VALUES ('', 'rusel', 'lan', 'rusel@em.com', '25d55ad283aa400af464c76d713c07ad', NULL, './application/modules/employee/assets/images/2021-02-23/fac.jpg', NULL, NULL, NULL, '1', 0);
SET SESSION sql_mode = "";
SET SESSION sql_mode = "";
SET SESSION sql_mode = "";
SET SESSION sql_mode = "";
SET SESSION sql_mode = "";
SET SESSION sql_mode = "";
SET SESSION sql_mode = "";
SET SESSION sql_mode = "";
SET SESSION sql_mode = "";
SET SESSION sql_mode = "";
SET SESSION sql_mode = "";
SET SESSION sql_mode = "";
SET SESSION sql_mode = "";
SET SESSION sql_mode = "";
SET SESSION sql_mode = "";
SET SESSION sql_mode = "";
SET SESSION sql_mode = "";
SET SESSION sql_mode = "";
SET SESSION sql_mode = "";
SET SESSION sql_mode = "";
SET SESSION sql_mode = "";
SET SESSION sql_mode = "";
SET SESSION sql_mode = "";
SET SESSION sql_mode = "";
SET SESSION sql_mode = "";
SET SESSION sql_mode = "";
SET SESSION sql_mode = "";
SET SESSION sql_mode = "";
SET SESSION sql_mode = "";
SET SESSION sql_mode = "";
SET SESSION sql_mode = "";
SET SESSION sql_mode = "";
SET SESSION sql_mode = "";
SET SESSION sql_mode = "";
SET SESSION sql_mode = "";
SET SESSION sql_mode = "";
SET SESSION sql_mode = "";
SET SESSION sql_mode = "";
SET SESSION sql_mode = "";
SET SESSION sql_mode = "";
SET SESSION sql_mode = "";
SET SESSION sql_mode = "";
SET SESSION sql_mode = "";
SET SESSION sql_mode = "";
SET SESSION sql_mode = "";
SET SESSION sql_mode = "";
SET SESSION sql_mode = "";
SET SESSION sql_mode = "";
SET SESSION sql_mode = "";
SET SESSION sql_mode = "";
SET SESSION sql_mode = "";
SET SESSION sql_mode = "";
SET SESSION sql_mode = "";
SET SESSION sql_mode = "";
SET SESSION sql_mode = "";
SET SESSION sql_mode = "";
SET SESSION sql_mode = "";
SET SESSION sql_mode = "";
INSERT INTO `grand_loan` (`employee_id`, `permission_by`, `loan_details`, `amount`, `interest_rate`, `installment`, `installment_period`, `repayment_amount`, `date_of_approve`, `loan_status`, `repayment_start_date`) VALUES ('4', '3', '', '5000', '2', '1700', '3', '5100', '2021-02-24', '1', '2021-02-25');
INSERT INTO `acc_transaction` (`VNo`, `Vtype`, `VDate`, `COAID`, `Narration`, `Debit`, `Credit`, `IsPosted`, `CreateBy`, `CreateDate`, `IsAppove`) VALUES (2, 'GrantLoan', '2021-02-23', 1020101, 'Cash in hand Credit For Employee Id4', 0, '5000', 1, '1', '2021-02-23 08:02:43', 1);
INSERT INTO `acc_transaction` (`VNo`, `Vtype`, `VDate`, `COAID`, `Narration`, `Debit`, `Credit`, `IsPosted`, `CreateBy`, `CreateDate`, `IsAppove`) VALUES (2, 'Loan Grant', '2021-02-23', '502020000004', 'Loan for 4', '5000', 0, 1, '1', '2021-02-23 08:02:43', 1);
SET SESSION sql_mode = "";
SET SESSION sql_mode = "";
SET SESSION sql_mode = "";
SET SESSION sql_mode = "";
SET SESSION sql_mode = "";
SET SESSION sql_mode = "";
SET SESSION sql_mode = "";
SET SESSION sql_mode = "";
SET SESSION sql_mode = "";
SET SESSION sql_mode = "";
SET SESSION sql_mode = "";
SET SESSION sql_mode = "";
SET SESSION sql_mode = "";
SET SESSION sql_mode = "";
INSERT INTO `loan_installment` (`employee_id`, `loan_id`, `installment_amount`, `payment`, `date`, `received_by`, `installment_no`, `notes`) VALUES ('4', '2', '1700', '2000', '2021-02-24', '3', '1', 'Demo');
INSERT INTO `acc_transaction` (`VNo`, `Vtype`, `VDate`, `COAID`, `Narration`, `Debit`, `Credit`, `IsPosted`, `CreateBy`, `CreateDate`, `IsAppove`) VALUES ('2', 'LoanInstall', '2021-02-23', 1020101, 'Cash in hand Debit For Employee Loan Id', '2000', 0, 1, '1', '2021-02-23 08:04:53', 1);
INSERT INTO `acc_transaction` (`VNo`, `Vtype`, `VDate`, `COAID`, `Narration`, `Debit`, `Credit`, `IsPosted`, `CreateBy`, `CreateDate`, `IsAppove`) VALUES ('2', 'LoanInstall', '2021-02-23', '502020000004', 'Loan Installment Receive', 0, '2000', 1, '1', '2021-02-23 08:04:53', 1);
SET SESSION sql_mode = "";
SET SESSION sql_mode = "";
SET SESSION sql_mode = "";
SET SESSION sql_mode = "";
SET SESSION sql_mode = "";
SET SESSION sql_mode = "";
SET SESSION sql_mode = "";
SET SESSION sql_mode = "";
SET SESSION sql_mode = "";
SET SESSION sql_mode = "";
SET SESSION sql_mode = "";
SET SESSION sql_mode = "";
SET SESSION sql_mode = "";
SET SESSION sql_mode = "";
INSERT INTO `employee_history` (`employee_id`, `pos_id`, `first_name`, `middle_name`, `last_name`, `maiden_name`, `email`, `phone`, `alter_phone`, `present_address`, `parmanent_address`, `picture`, `dept_id`, `state`, `city`, `zip`, `citizenship`, `duty_type`, `hire_date`, `original_hire_date`, `termination_date`, `termination_reason`, `voluntary_termination`, `rehire_date`, `rate_type`, `rate`, `pay_frequency`, `pay_frequency_txt`, `hourly_rate2`, `hourly_rate3`, `home_department`, `department_text`, `class_code`, `class_code_desc`, `class_acc_date`, `class_status`, `is_super_visor`, `super_visor_id`, `supervisor_report`, `dob`, `gender`, `marital_status`, `ethnic_group`, `eeo_class_gp`, `ssn`, `work_in_state`, `live_in_state`, `home_email`, `business_email`, `home_phone`, `business_phone`, `cell_phone`, `emerg_contct`, `emrg_h_phone`, `emrg_w_phone`, `emgr_contct_relation`, `alt_em_contct`, `alt_emg_h_phone`, `alt_emg_w_phone`, `password`) VALUES (5, '1', 'Urmi', 'sabuj', 'paul', '', 'urmi@em.com', '5656567', '', NULL, NULL, './application/modules/employee/assets/images/2021-02-23/Chr.jpg', '6', 'Afghanistan', '', '', '1', '1', '2021-02-23', '2021-02-24', '1970-01-01', '', '', '1970-01-01', '1', '10000', '1', '', '', '', '', '', '', '', '1970-01-01', '1', '0', '', '', '1999-02-23', '1', '1', '', '', '6878', '1', '1', '', '', '45455454', '', '7870645', '657687878', '65789845', '65768798', '', '', '345367687', '565798908', '25d55ad283aa400af464c76d713c07ad');
INSERT INTO `user` (`firstname`, `lastname`, `email`, `password`, `is_admin`, `image`) VALUES ('Urmi', 'paul', 'urmi@em.com', '25d55ad283aa400af464c76d713c07ad', 0, 'application/modules/employee/assets/images/2021-02-23/Chr.jpg');
INSERT INTO `sec_user_access_tbl` (`fk_role_id`, `fk_user_id`) VALUES (1, 8);
INSERT INTO `acc_coa` (`HeadCode`, `HeadName`, `PHeadName`, `HeadLevel`, `IsActive`, `IsTransaction`, `IsGL`, `HeadType`, `IsBudget`, `IsDepreciation`, `DepreciationRate`, `CreateBy`, `CreateDate`) VALUES (502020000005, '5-Urmipaul', 'Account Payable', '2', '1', '1', '0', 'L', '0', '0', '0', '', '2021-02-23 08:09:09');
SET SESSION sql_mode = "";
SET SESSION sql_mode = "";
SET SESSION sql_mode = "";
SET SESSION sql_mode = "";
SET SESSION sql_mode = "";
SET SESSION sql_mode = "";
SET SESSION sql_mode = "";
SET SESSION sql_mode = "";
SET SESSION sql_mode = "";
SET SESSION sql_mode = "";
SET SESSION sql_mode = "";
SET SESSION sql_mode = "";
SET SESSION sql_mode = "";
SET SESSION sql_mode = "";
SET SESSION sql_mode = "";
SET SESSION sql_mode = "";
SET SESSION sql_mode = "";
SET SESSION sql_mode = "";
SET SESSION sql_mode = "";
SET SESSION sql_mode = "";
SET SESSION sql_mode = "";
SET SESSION sql_mode = "";
SET SESSION sql_mode = "";
SET SESSION sql_mode = "";
SET SESSION sql_mode = "";
SET SESSION sql_mode = "";
SET SESSION sql_mode = "";
SET SESSION sql_mode = "";
SET SESSION sql_mode = "";
SET SESSION sql_mode = "";
SET SESSION sql_mode = "";
SET SESSION sql_mode = "";
SET SESSION sql_mode = "";
SET SESSION sql_mode = "";
SET SESSION sql_mode = "";
SET SESSION sql_mode = "";
SET SESSION sql_mode = "";
SET SESSION sql_mode = "";
SET SESSION sql_mode = "";
SET SESSION sql_mode = "";
SET SESSION sql_mode = "";
SET SESSION sql_mode = "";
SET SESSION sql_mode = "";
SET SESSION sql_mode = "";
SET SESSION sql_mode = "";
SET SESSION sql_mode = "";
SET SESSION sql_mode = "";
SET SESSION sql_mode = "";
SET SESSION sql_mode = "";
SET SESSION sql_mode = "";
SET SESSION sql_mode = "";
SET SESSION sql_mode = "";
INSERT INTO `employee_equipment` (`equipment_id`, `employee_id`, `issue_date`) VALUES ('2', '3', '2021-02-23');
UPDATE `equipment` SET `is_assign` = 1
WHERE `equipment_id` = '2';
SET SESSION sql_mode = "";
SET SESSION sql_mode = "";
SET SESSION sql_mode = "";
SET SESSION sql_mode = "";
SET SESSION sql_mode = "";
SET SESSION sql_mode = "";
SET SESSION sql_mode = "";
SET SESSION sql_mode = "";
SET SESSION sql_mode = "";
SET SESSION sql_mode = "";
SET SESSION sql_mode = "";
SET SESSION sql_mode = "";
SET SESSION sql_mode = "";
SET SESSION sql_mode = "";
SET SESSION sql_mode = "";
SET SESSION sql_mode = "";
SET SESSION sql_mode = "";
INSERT INTO `employee_equipment` (`equipment_id`, `employee_id`, `issue_date`) VALUES ('1', '3', '2021-02-23');
UPDATE `equipment` SET `is_assign` = 1
WHERE `equipment_id` = '1';
SET SESSION sql_mode = "";
SET SESSION sql_mode = "";
SET SESSION sql_mode = "";
SET SESSION sql_mode = "";
SET SESSION sql_mode = "";
SET SESSION sql_mode = "";
SET SESSION sql_mode = "";
SET SESSION sql_mode = "";
SET SESSION sql_mode = "";
SET SESSION sql_mode = "";
SET SESSION sql_mode = "";
INSERT INTO `sec_role_tbl` (`role_name`, `role_description`, `create_by`, `date_time`) VALUES ('Head of account', 'Demo', '1', '2021-02-23 09:49:15');
DELETE FROM `sec_role_permission`
WHERE `role_id` = 3;
INSERT INTO `sec_role_permission` (`can_access`, `can_create`, `can_delete`, `can_edit`, `createby`, `createdate`, `menu_id`, `role_id`) VALUES ('1','1','1','1','1','2021-02-23 09:49:15','188',3), ('1','1','1','1','1','2021-02-23 09:49:15','189',3), ('1','1','1','1','1','2021-02-23 09:49:15','190',3), ('1','1','1','1','1','2021-02-23 09:49:15','191',3), ('1','1','1','1','1','2021-02-23 09:49:15','192',3), ('1','1','1','1','1','2021-02-23 09:49:15','193',3), ('1','1','1','1','1','2021-02-23 09:49:15','194',3), ('1','1','1','1','1','2021-02-23 09:49:15','195',3), ('1','1','1','1','1','2021-02-23 09:49:15','196',3), ('1','1','1','1','1','2021-02-23 09:49:15','197',3), ('1','1','1','1','1','2021-02-23 09:49:15','198',3), ('1','1','1','1','1','2021-02-23 09:49:15','199',3), ('1','1','1','1','1','2021-02-23 09:49:15','200',3), ('1','1','1','1','1','2021-02-23 09:49:15','201',3), ('1','1','1','1','1','2021-02-23 09:49:15','202',3), ('1','1','1','1','1','2021-02-23 09:49:15','203',3), ('1','1','1','1','1','2021-02-23 09:49:15','206',3), ('1','1','1','1','1','2021-02-23 09:49:15','207',3), ('1','1','1','1','1','2021-02-23 09:49:15','208',3), ('1','1',0,'1','1','2021-02-23 09:49:15','134',3), ('1','1',0,'1','1','2021-02-23 09:49:15','137',3), ('1','1',0,'1','1','2021-02-23 09:49:15','142',3), ('1','1',0,'1','1','2021-02-23 09:49:15','143',3), ('1','1',0,'1','1','2021-02-23 09:49:15','144',3), ('1','1',0,'1','1','2021-02-23 09:49:15','145',3), (0,0,0,0,'1','2021-02-23 09:49:15','147',3), (0,0,0,0,'1','2021-02-23 09:49:15','148',3), (0,0,0,0,'1','2021-02-23 09:49:15','211',3), (0,0,0,0,'1','2021-02-23 09:49:15','212',3), (0,0,0,0,'1','2021-02-23 09:49:15','149',3), ('1','1',0,'1','1','2021-02-23 09:49:15','204',3), ('1','1',0,'1','1','2021-02-23 09:49:15','205',3), (0,0,0,0,'1','2021-02-23 09:49:15','156',3), (0,0,0,0,'1','2021-02-23 09:49:15','157',3), (0,0,0,0,'1','2021-02-23 09:49:15','158',3), (0,0,0,0,'1','2021-02-23 09:49:15','159',3), (0,0,0,0,'1','2021-02-23 09:49:15','161',3), (0,0,0,0,'1','2021-02-23 09:49:15','162',3), (0,0,0,0,'1','2021-02-23 09:49:15','163',3), (0,0,0,0,'1','2021-02-23 09:49:15','164',3), (0,0,0,0,'1','2021-02-23 09:49:15','165',3), (0,0,0,0,'1','2021-02-23 09:49:15','213',3), (0,0,0,0,'1','2021-02-23 09:49:15','214',3), (0,0,0,0,'1','2021-02-23 09:49:15','215',3), (0,0,0,0,'1','2021-02-23 09:49:15','216',3), (0,0,0,0,'1','2021-02-23 09:49:15','217',3), (0,0,0,0,'1','2021-02-23 09:49:15','218',3), (0,0,0,0,'1','2021-02-23 09:49:15','167',3), (0,0,0,0,'1','2021-02-23 09:49:15','168',3), (0,0,0,0,'1','2021-02-23 09:49:15','169',3), (0,0,0,0,'1','2021-02-23 09:49:15','186',3), (0,0,0,0,'1','2021-02-23 09:49:15','187',3), (0,0,0,0,'1','2021-02-23 09:49:15','170',3), (0,0,0,0,'1','2021-02-23 09:49:15','171',3), (0,0,0,0,'1','2021-02-23 09:49:15','172',3), (0,0,0,0,'1','2021-02-23 09:49:15','173',3), (0,0,0,0,'1','2021-02-23 09:49:15','174',3), (0,0,0,0,'1','2021-02-23 09:49:15','175',3), (0,0,0,0,'1','2021-02-23 09:49:15','176',3), (0,0,0,0,'1','2021-02-23 09:49:15','219',3), (0,0,0,0,'1','2021-02-23 09:49:15','150',3), (0,0,0,0,'1','2021-02-23 09:49:15','151',3), (0,0,0,0,'1','2021-02-23 09:49:15','152',3), (0,0,0,0,'1','2021-02-23 09:49:15','153',3), (0,0,0,0,'1','2021-02-23 09:49:15','154',3), (0,0,0,0,'1','2021-02-23 09:49:15','155',3), (0,0,0,0,'1','2021-02-23 09:49:15','177',3), (0,0,0,0,'1','2021-02-23 09:49:15','178',3), (0,0,0,0,'1','2021-02-23 09:49:15','179',3), (0,0,0,0,'1','2021-02-23 09:49:15','180',3), (0,0,0,0,'1','2021-02-23 09:49:15','181',3), (0,0,0,0,'1','2021-02-23 09:49:15','182',3), (0,0,0,0,'1','2021-02-23 09:49:15','183',3), ('1','1',0,0,'1','2021-02-23 09:49:15','220',3), ('1','1',0,0,'1','2021-02-23 09:49:15','221',3), ('1','1',0,0,'1','2021-02-23 09:49:15','222',3), ('1','1',0,0,'1','2021-02-23 09:49:15','223',3), ('1','1',0,0,'1','2021-02-23 09:49:15','224',3), ('1','1',0,0,'1','2021-02-23 09:49:15','225',3);
SET SESSION sql_mode = "";
SET SESSION sql_mode = "";
SET SESSION sql_mode = "";
SET SESSION sql_mode = "";
SET SESSION sql_mode = "";
SET SESSION sql_mode = "";
SET SESSION sql_mode = "";
SET SESSION sql_mode = "";
SET SESSION sql_mode = "";
SET SESSION sql_mode = "";
SET SESSION sql_mode = "";
SET SESSION sql_mode = "";
SET SESSION sql_mode = "";
SET SESSION sql_mode = "";
SET SESSION sql_mode = "";
SET SESSION sql_mode = "";
SET SESSION sql_mode = "";
SET SESSION sql_mode = "";
SET SESSION sql_mode = "";
DELETE FROM `sec_user_access_tbl`
WHERE `fk_user_id` = '8';
INSERT INTO `sec_user_access_tbl` (`fk_role_id`, `fk_user_id`) VALUES ('1','8'), ('3','8');
SET SESSION sql_mode = "";
SET SESSION sql_mode = "";
SET SESSION sql_mode = "";
SET SESSION sql_mode = "";
SET SESSION sql_mode = "";
SET SESSION sql_mode = "";
SET SESSION sql_mode = "";
SET SESSION sql_mode = "";
UPDATE `user` SET `last_logout` = '2021-02-23 09:51:34'
WHERE `id` = '1';
SET SESSION sql_mode = "";
SET SESSION sql_mode = "";
SET SESSION sql_mode = "";
SET SESSION sql_mode = "";
SET SESSION sql_mode = "";
SET SESSION sql_mode = "";
SET SESSION sql_mode = "";
SET SESSION sql_mode = "";
UPDATE `user` SET `last_login` = '2021-02-23 09:52:13', `ip_address` = '172.68.169.131'
WHERE `id` = '8';
SET SESSION sql_mode = "";
SET SESSION sql_mode = "";
SET SESSION sql_mode = "";
SET SESSION sql_mode = "";
SET SESSION sql_mode = "";
SET SESSION sql_mode = "";
SET SESSION sql_mode = "";
SET SESSION sql_mode = "";
SET SESSION sql_mode = "";
SET SESSION sql_mode = "";
SET SESSION sql_mode = "";
SET SESSION sql_mode = "";
SET SESSION sql_mode = "";
SET SESSION sql_mode = "";
SET SESSION sql_mode = "";
SET SESSION sql_mode = "";
SET SESSION sql_mode = "";
SET SESSION sql_mode = "";
SET SESSION sql_mode = "";
SET SESSION sql_mode = "";
SET SESSION sql_mode = "";
SET SESSION sql_mode = "";
SET SESSION sql_mode = "";
SET SESSION sql_mode = "";
SET SESSION sql_mode = "";
SET SESSION sql_mode = "";
SET SESSION sql_mode = "";
SET SESSION sql_mode = "";
SET SESSION sql_mode = "";
SET SESSION sql_mode = "";
SET SESSION sql_mode = "";
SET SESSION sql_mode = "";
SET SESSION sql_mode = "";
SET SESSION sql_mode = "";
SET SESSION sql_mode = "";
SET SESSION sql_mode = "";
SET SESSION sql_mode = "";
SET SESSION sql_mode = "";
SET SESSION sql_mode = "";
SET SESSION sql_mode = "";
SET SESSION sql_mode = "";
INSERT INTO `point_reward` (`date`, `management`, `total`, `employee_id`) VALUES ('2021-02-23', '10', '10', '3');
INSERT INTO `point_management` (`employee_id`, `point_category`, `description`, `point`, `created_by`, `create_date`) VALUES ('3', '3', 'demo', '10', '8', '2021-02-23 09:54:04am');
SET SESSION sql_mode = "";
SET SESSION sql_mode = "";
SET SESSION sql_mode = "";
SET SESSION sql_mode = "";
SET SESSION sql_mode = "";
SET SESSION sql_mode = "";
SET SESSION sql_mode = "";
SET SESSION sql_mode = "";
SET SESSION sql_mode = "";
SET SESSION sql_mode = "";
SET SESSION sql_mode = "";
SET SESSION sql_mode = "";
SET SESSION sql_mode = "";
SET SESSION sql_mode = "";
UPDATE `user` SET `last_login` = '2021-02-23 09:55:22', `ip_address` = '172.68.169.131'
WHERE `id` = '1';
SET SESSION sql_mode = "";
SET SESSION sql_mode = "";
SET SESSION sql_mode = "";
SET SESSION sql_mode = "";
SET SESSION sql_mode = "";
SET SESSION sql_mode = "";
SET SESSION sql_mode = "";
SET SESSION sql_mode = "";
SET SESSION sql_mode = "";
SET SESSION sql_mode = "";
SET SESSION sql_mode = "";
SET SESSION sql_mode = "";
SET SESSION sql_mode = "";
SET SESSION sql_mode = "";
SET SESSION sql_mode = "";
SET SESSION sql_mode = "";
SET SESSION sql_mode = "";
SET SESSION sql_mode = "";
SET SESSION sql_mode = "";
SET SESSION sql_mode = "";
SET SESSION sql_mode = "";
SET SESSION sql_mode = "";
SET SESSION sql_mode = "";
SET SESSION sql_mode = "";
SET SESSION sql_mode = "";
SET SESSION sql_mode = "";
SET SESSION sql_mode = "";
SET SESSION sql_mode = "";
SET SESSION sql_mode = "";
SET SESSION sql_mode = "";
SET SESSION sql_mode = "";
SET SESSION sql_mode = "";
SET SESSION sql_mode = "";
SET SESSION sql_mode = "";
SET SESSION sql_mode = "";
SET SESSION sql_mode = "";
SET SESSION sql_mode = "";
SET SESSION sql_mode = "";
SET SESSION sql_mode = "";
SET SESSION sql_mode = "";
SET SESSION sql_mode = "";
SET SESSION sql_mode = "";
SET SESSION sql_mode = "";
SET SESSION sql_mode = "";
SET SESSION sql_mode = "";
SET SESSION sql_mode = "";
SET SESSION sql_mode = "";
SET SESSION sql_mode = "";
SET SESSION sql_mode = "";
SET SESSION sql_mode = "";
SET SESSION sql_mode = "";
SET SESSION sql_mode = "";
SET SESSION sql_mode = "";
SET SESSION sql_mode = "";
SET SESSION sql_mode = "";
SET SESSION sql_mode = "";
SET SESSION sql_mode = "";
SET SESSION sql_mode = "";
SET SESSION sql_mode = "";
SET SESSION sql_mode = "";
SET SESSION sql_mode = "";
SET SESSION sql_mode = "";
SET SESSION sql_mode = "";
SET SESSION sql_mode = "";
SET SESSION sql_mode = "";
SET SESSION sql_mode = "";
SET SESSION sql_mode = "";
SET SESSION sql_mode = "";
SET SESSION sql_mode = "";
SET SESSION sql_mode = "";
SET SESSION sql_mode = "";
SET SESSION sql_mode = "";
SET SESSION sql_mode = "";
SET SESSION sql_mode = "";
SET SESSION sql_mode = "";
SET SESSION sql_mode = "";
SET SESSION sql_mode = "";
SET SESSION sql_mode = "";
SET SESSION sql_mode = "";
SET SESSION sql_mode = "";
SET SESSION sql_mode = "";
SET SESSION sql_mode = "";
SET SESSION sql_mode = "";
SET SESSION sql_mode = "";
SET SESSION sql_mode = "";
SET SESSION sql_mode = "";
SET SESSION sql_mode = "";
SET SESSION sql_mode = "";
INSERT INTO `attendance_history` (`uid`, `state`, `id`, `time`) VALUES ('5', 1, 0, '2021-02-23 11:02:07');
INSERT INTO `point_attendence` (`employee_id`, `create_date`, `created_by`, `in_time`, `point`) VALUES ('5', '2021-02-23', '8', '11:02', 0);
SET SESSION sql_mode = "";
SET SESSION sql_mode = "";
SET SESSION sql_mode = "";
SET SESSION sql_mode = "";
SET SESSION sql_mode = "";
SET SESSION sql_mode = "";
SET SESSION sql_mode = "";
UPDATE `user` SET `last_logout` = '2021-02-23 10:02:22'
WHERE `id` IS NULL;
SET SESSION sql_mode = "";
SET SESSION sql_mode = "";
SET SESSION sql_mode = "";
SET SESSION sql_mode = "";
SET SESSION sql_mode = "";
SET SESSION sql_mode = "";
SET SESSION sql_mode = "";
SET SESSION sql_mode = "";
UPDATE `user` SET `last_login` = '2021-02-23 10:02:40', `ip_address` = '172.68.169.131'
WHERE `id` = '1';
SET SESSION sql_mode = "";
SET SESSION sql_mode = "";
SET SESSION sql_mode = "";
SET SESSION sql_mode = "";
SET SESSION sql_mode = "";
SET SESSION sql_mode = "";
SET SESSION sql_mode = "";
SET SESSION sql_mode = "";
SET SESSION sql_mode = "";
SET SESSION sql_mode = "";
SET SESSION sql_mode = "";
SET SESSION sql_mode = "";
SET SESSION sql_mode = "";
SET SESSION sql_mode = "";
SET SESSION sql_mode = "";
SET SESSION sql_mode = "";
SET SESSION sql_mode = "";
SET SESSION sql_mode = "";
SET SESSION sql_mode = "";
SET SESSION sql_mode = "";
SET SESSION sql_mode = "";
SET SESSION sql_mode = "";
SET SESSION sql_mode = "";
SET SESSION sql_mode = "";
SET SESSION sql_mode = "";
SET SESSION sql_mode = "";
SET SESSION sql_mode = "";
SET SESSION sql_mode = "";
SET SESSION sql_mode = "";
SET SESSION sql_mode = "";
SET SESSION sql_mode = "";
SET SESSION sql_mode = "";
SET SESSION sql_mode = "";
SET SESSION sql_mode = "";
SET SESSION sql_mode = "";
SET SESSION sql_mode = "";
SET SESSION sql_mode = "";
INSERT INTO `attendance_history` (`uid`, `state`, `id`, `time`) VALUES ('5', 1, 0, '2021-02-23 11:05:29');
SET SESSION sql_mode = "";
SET SESSION sql_mode = "";
SET SESSION sql_mode = "";
SET SESSION sql_mode = "";
SET SESSION sql_mode = "";
SET SESSION sql_mode = "";
SET SESSION sql_mode = "";
SET SESSION sql_mode = "";
SET SESSION sql_mode = "";
SET SESSION sql_mode = "";
INSERT INTO `employee_history` (`employee_id`, `pos_id`, `first_name`, `middle_name`, `last_name`, `maiden_name`, `email`, `phone`, `alter_phone`, `present_address`, `parmanent_address`, `picture`, `dept_id`, `state`, `city`, `zip`, `citizenship`, `duty_type`, `hire_date`, `original_hire_date`, `termination_date`, `termination_reason`, `voluntary_termination`, `rehire_date`, `rate_type`, `rate`, `pay_frequency`, `pay_frequency_txt`, `hourly_rate2`, `hourly_rate3`, `home_department`, `department_text`, `class_code`, `class_code_desc`, `class_acc_date`, `class_status`, `is_super_visor`, `super_visor_id`, `supervisor_report`, `dob`, `gender`, `marital_status`, `ethnic_group`, `eeo_class_gp`, `ssn`, `work_in_state`, `live_in_state`, `home_email`, `business_email`, `home_phone`, `business_phone`, `cell_phone`, `emerg_contct`, `emrg_h_phone`, `emrg_w_phone`, `emgr_contct_relation`, `alt_em_contct`, `alt_emg_h_phone`, `alt_emg_w_phone`, `password`) VALUES (6, '2', 'test', '', 'new', '', 'test_new@gmail.com', '204023920', '', NULL, NULL, './application/modules/employee/assets/images/2021-02-23/Bin.jpg', '4', 'Afghanistan', '', '', '1', '1', '2021-02-23', '2021-02-23', '1970-01-01', '', '', '1970-01-01', '1', '77', '4', '', '', '', '', '', '', '', '1970-01-01', '1', '0', '', '', '1992-02-23', '1', '1', '', '', 'ssn222', '1', '1', '', '', '204023920', '204023920', '204023920', '204023920', '204023920', '204023920', '', '', '204023920', '204023920', 'e10adc3949ba59abbe56e057f20f883e');
INSERT INTO `user` (`firstname`, `lastname`, `email`, `password`, `is_admin`, `image`) VALUES ('test', 'new', 'test_new@gmail.com', 'e10adc3949ba59abbe56e057f20f883e', 0, 'application/modules/employee/assets/images/2021-02-23/Bin.jpg');
INSERT INTO `sec_user_access_tbl` (`fk_role_id`, `fk_user_id`) VALUES (1, 9);
INSERT INTO `acc_coa` (`HeadCode`, `HeadName`, `PHeadName`, `HeadLevel`, `IsActive`, `IsTransaction`, `IsGL`, `HeadType`, `IsBudget`, `IsDepreciation`, `DepreciationRate`, `CreateBy`, `CreateDate`) VALUES (502020000006, '6-testnew', 'Account Payable', '2', '1', '1', '0', 'L', '0', '0', '0', '', '2021-02-23 10:06:16');
SET SESSION sql_mode = "";
SET SESSION sql_mode = "";
SET SESSION sql_mode = "";
SET SESSION sql_mode = "";
SET SESSION sql_mode = "";
SET SESSION sql_mode = "";
SET SESSION sql_mode = "";
SET SESSION sql_mode = "";
SET SESSION sql_mode = "";
SET SESSION sql_mode = "";
SET SESSION sql_mode = "";
SET SESSION sql_mode = "";
SET SESSION sql_mode = "";
SET SESSION sql_mode = "";
SET SESSION sql_mode = "";
SET SESSION sql_mode = "";
SET SESSION sql_mode = "";
SET SESSION sql_mode = "";
SET SESSION sql_mode = "";
SET SESSION sql_mode = "";
SET SESSION sql_mode = "";
SET SESSION sql_mode = "";
SET SESSION sql_mode = "";
SET SESSION sql_mode = "";
SET SESSION sql_mode = "";
SET SESSION sql_mode = "";
INSERT INTO `acc_transaction` (`VNo`, `Vtype`, `VDate`, `COAID`, `Narration`, `Debit`, `Credit`, `IsPosted`, `CreateBy`, `CreateDate`, `IsAppove`) VALUES ('CV-1', 'CV', '2021-02-23', '502020000004', '', 0, '1000', 1, '8', '2021-02-23 10:06:45', 0);
INSERT INTO `acc_transaction` (`VNo`, `Vtype`, `VDate`, `COAID`, `Narration`, `Debit`, `Credit`, `IsPosted`, `CreateBy`, `CreateDate`, `IsAppove`) VALUES ('CV-1', 'CV', '2021-02-23', '502020000004', '', 0, '1000', 1, '8', '2021-02-23 10:06:45', 0);
INSERT INTO `acc_transaction` (`VNo`, `Vtype`, `VDate`, `COAID`, `Narration`, `Debit`, `Credit`, `IsPosted`, `CreateBy`, `CreateDate`, `IsAppove`) VALUES ('CV-1', 'CV', '2021-02-23', '1020101', 'Credit Vourcher from 4-rusellan', '1000', 0, 1, '8', '2021-02-23 10:06:45', 1);
SET SESSION sql_mode = "";
SET SESSION sql_mode = "";
SET SESSION sql_mode = "";
SET SESSION sql_mode = "";
SET SESSION sql_mode = "";
SET SESSION sql_mode = "";
SET SESSION sql_mode = "";
SET SESSION sql_mode = "";
SET SESSION sql_mode = "";
SET SESSION sql_mode = "";
SET SESSION sql_mode = "";
SET SESSION sql_mode = "";
SET SESSION sql_mode = "";
SET SESSION sql_mode = "";
UPDATE `acc_transaction` SET `VNo` = 'CV-1', `IsAppove` = 1
WHERE `VNo` = 'CV-1';
SET SESSION sql_mode = "";
SET SESSION sql_mode = "";
SET SESSION sql_mode = "";
SET SESSION sql_mode = "";
SET SESSION sql_mode = "";
UPDATE `user` SET `id` = '9', `firstname` = 'test', `lastname` = 'new', `email` = 'test_new222@gmail.com', `password` = 'e10adc3949ba59abbe56e057f20f883e', `about` = NULL, `image` = 'application/modules/employee/assets/images/2021-02-23/Bin.jpg', `last_login` = NULL, `last_logout` = NULL, `ip_address` = NULL, `status` = '1', `is_admin` = 0
WHERE `id` = '9';
SET SESSION sql_mode = "";
SET SESSION sql_mode = "";
SET SESSION sql_mode = "";
SET SESSION sql_mode = "";
SET SESSION sql_mode = "";
SET SESSION sql_mode = "";
SET SESSION sql_mode = "";
SET SESSION sql_mode = "";
SET SESSION sql_mode = "";
SET SESSION sql_mode = "";
SET SESSION sql_mode = "";
SET SESSION sql_mode = "";
SET SESSION sql_mode = "";
SET SESSION sql_mode = "";
SET SESSION sql_mode = "";
SET SESSION sql_mode = "";
SET SESSION sql_mode = "";
SET SESSION sql_mode = "";
SET SESSION sql_mode = "";
SET SESSION sql_mode = "";
SET SESSION sql_mode = "";
SET SESSION sql_mode = "";
INSERT INTO `user` (`id`, `firstname`, `lastname`, `email`, `password`, `about`, `image`, `last_login`, `last_logout`, `ip_address`, `status`, `is_admin`) VALUES ('', 'test', 'new', 'test_new@gmail.com', 'e10adc3949ba59abbe56e057f20f883e', NULL, './application/modules/employee/assets/images/2021-02-23/Bin.jpg', NULL, NULL, NULL, '1', 0);
SET SESSION sql_mode = "";
SET SESSION sql_mode = "";
SET SESSION sql_mode = "";
SET SESSION sql_mode = "";
SET SESSION sql_mode = "";
SET SESSION sql_mode = "";
SET SESSION sql_mode = "";
SET SESSION sql_mode = "";
INSERT INTO `acc_transaction` (`VNo`, `Vtype`, `VDate`, `COAID`, `Narration`, `Debit`, `Credit`, `IsPosted`, `CreateBy`, `CreateDate`, `IsAppove`) VALUES ('CHV-1', 'AD', '2021-02-23', 1020101, 'Cash Adjustment ', '500', 0, 1, NULL, '2021-02-23 10:07:31', 1);
SET SESSION sql_mode = "";
SET SESSION sql_mode = "";
SET SESSION sql_mode = "";
SET SESSION sql_mode = "";
SET SESSION sql_mode = "";
SET SESSION sql_mode = "";
SET SESSION sql_mode = "";
SET SESSION sql_mode = "";
SET SESSION sql_mode = "";
SET SESSION sql_mode = "";
SET SESSION sql_mode = "";
SET SESSION sql_mode = "";
SET SESSION sql_mode = "";
SET SESSION sql_mode = "";
SET SESSION sql_mode = "";
SET SESSION sql_mode = "";
SET SESSION sql_mode = "";
SET SESSION sql_mode = "";
SET SESSION sql_mode = "";
SET SESSION sql_mode = "";
SET SESSION sql_mode = "";
SET SESSION sql_mode = "";
SET SESSION sql_mode = "";
SET SESSION sql_mode = "";
SET SESSION sql_mode = "";
SET SESSION sql_mode = "";
SET SESSION sql_mode = "";
SET SESSION sql_mode = "";
SET SESSION sql_mode = "";
DELETE FROM `user`
WHERE `id` = '9'
AND `is_admin` NOT IN(1);
SET SESSION sql_mode = "";
SET SESSION sql_mode = "";
SET SESSION sql_mode = "";
SET SESSION sql_mode = "";
SET SESSION sql_mode = "";
SET SESSION sql_mode = "";
SET SESSION sql_mode = "";
SET SESSION sql_mode = "";
UPDATE `user` SET `last_logout` = '2021-02-23 10:08:04'
WHERE `id` = '1';
SET SESSION sql_mode = "";
SET SESSION sql_mode = "";
SET SESSION sql_mode = "";
SET SESSION sql_mode = "";
SET SESSION sql_mode = "";
SET SESSION sql_mode = "";
SET SESSION sql_mode = "";
SET SESSION sql_mode = "";
UPDATE `user` SET `last_login` = '2021-02-23 10:08:15', `ip_address` = '172.68.169.131'
WHERE `id` = '10';
SET SESSION sql_mode = "";
SET SESSION sql_mode = "";
SET SESSION sql_mode = "";
SET SESSION sql_mode = "";
SET SESSION sql_mode = "";
SET SESSION sql_mode = "";
SET SESSION sql_mode = "";
SET SESSION sql_mode = "";
SET SESSION sql_mode = "";
SET SESSION sql_mode = "";
SET SESSION sql_mode = "";
SET SESSION sql_mode = "";
SET SESSION sql_mode = "";
SET SESSION sql_mode = "";
UPDATE `user` SET `last_logout` = '2021-02-23 10:08:21'
WHERE `id` = '10';
SET SESSION sql_mode = "";
SET SESSION sql_mode = "";
SET SESSION sql_mode = "";
SET SESSION sql_mode = "";
SET SESSION sql_mode = "";
UPDATE `user` SET `last_login` = '2021-02-23 10:08:37', `ip_address` = '172.68.169.131'
WHERE `id` = '1';
SET SESSION sql_mode = "";
SET SESSION sql_mode = "";
SET SESSION sql_mode = "";
SET SESSION sql_mode = "";
SET SESSION sql_mode = "";
SET SESSION sql_mode = "";
SET SESSION sql_mode = "";
SET SESSION sql_mode = "";
SET SESSION sql_mode = "";
SET SESSION sql_mode = "";
SET SESSION sql_mode = "";
SET SESSION sql_mode = "";
SET SESSION sql_mode = "";
SET SESSION sql_mode = "";
SET SESSION sql_mode = "";
SET SESSION sql_mode = "";
SET SESSION sql_mode = "";
SET SESSION sql_mode = "";
SET SESSION sql_mode = "";
SET SESSION sql_mode = "";
SET SESSION sql_mode = "";
SET SESSION sql_mode = "";
UPDATE `user` SET `id` = '10', `firstname` = 'test', `lastname` = 'new', `email` = 'test_new@gmail.com', `password` = 'e10adc3949ba59abbe56e057f20f883e', `about` = NULL, `image` = './application/modules/employee/assets/images/2021-02-23/Bin.jpg', `last_login` = NULL, `last_logout` = NULL, `ip_address` = NULL, `status` = '1', `is_admin` = 0
WHERE `id` = '10';
SET SESSION sql_mode = "";
SET SESSION sql_mode = "";
SET SESSION sql_mode = "";
SET SESSION sql_mode = "";
SET SESSION sql_mode = "";
SET SESSION sql_mode = "";
SET SESSION sql_mode = "";
SET SESSION sql_mode = "";
SET SESSION sql_mode = "";
SET SESSION sql_mode = "";
SET SESSION sql_mode = "";
SET SESSION sql_mode = "";
SET SESSION sql_mode = "";
SET SESSION sql_mode = "";
SET SESSION sql_mode = "";
SET SESSION sql_mode = "";
SET SESSION sql_mode = "";
SET SESSION sql_mode = "";
SET SESSION sql_mode = "";
SET SESSION sql_mode = "";
SET SESSION sql_mode = "";
SET SESSION sql_mode = "";
SET SESSION sql_mode = "";
SET SESSION sql_mode = "";
UPDATE `user` SET `last_login` = '2021-02-23 10:11:10', `ip_address` = '172.68.169.135'
WHERE `id` = '10';
SET SESSION sql_mode = "";
SET SESSION sql_mode = "";
SET SESSION sql_mode = "";
SET SESSION sql_mode = "";
SET SESSION sql_mode = "";
SET SESSION sql_mode = "";
SET SESSION sql_mode = "";
SET SESSION sql_mode = "";
SET SESSION sql_mode = "";
SET SESSION sql_mode = "";
SET SESSION sql_mode = "";
SET SESSION sql_mode = "";
SET SESSION sql_mode = "";
SET SESSION sql_mode = "";
SET SESSION sql_mode = "";
SET SESSION sql_mode = "";
SET SESSION sql_mode = "";
SET SESSION sql_mode = "";
SET SESSION sql_mode = "";
SET SESSION sql_mode = "";
SET SESSION sql_mode = "";
SET SESSION sql_mode = "";
SET SESSION sql_mode = "";
SET SESSION sql_mode = "";
SET SESSION sql_mode = "";
SET SESSION sql_mode = "";
UPDATE `user` SET `last_logout` = '2021-02-23 10:14:03'
WHERE `id` = '10';
SET SESSION sql_mode = "";
SET SESSION sql_mode = "";
SET SESSION sql_mode = "";
SET SESSION sql_mode = "";
SET SESSION sql_mode = "";
SET SESSION sql_mode = "";
SET SESSION sql_mode = "";
SET SESSION sql_mode = "";
SET SESSION sql_mode = "";
SET SESSION sql_mode = "";
SET SESSION sql_mode = "";
SET SESSION sql_mode = "";
SET SESSION sql_mode = "";
SET SESSION sql_mode = "";
SET SESSION sql_mode = "";
SET SESSION sql_mode = "";
SET SESSION sql_mode = "";
SET SESSION sql_mode = "";
SET SESSION sql_mode = "";
SET SESSION sql_mode = "";
SET SESSION sql_mode = "";
SET SESSION sql_mode = "";
SET SESSION sql_mode = "";
SET SESSION sql_mode = "";
SET SESSION sql_mode = "";
SET SESSION sql_mode = "";
SET SESSION sql_mode = "";
SET SESSION sql_mode = "";
SET SESSION sql_mode = "";
SET SESSION sql_mode = "";
SET SESSION sql_mode = "";
SET SESSION sql_mode = "";
SET SESSION sql_mode = "";
SET SESSION sql_mode = "";
SET SESSION sql_mode = "";
SET SESSION sql_mode = "";
SET SESSION sql_mode = "";
DELETE FROM `sec_user_access_tbl`
WHERE `fk_user_id` = '10';
INSERT INTO `sec_user_access_tbl` (`fk_role_id`, `fk_user_id`) VALUES ('1','10');
SET SESSION sql_mode = "";
SET SESSION sql_mode = "";
SET SESSION sql_mode = "";
SET SESSION sql_mode = "";
SET SESSION sql_mode = "";
INSERT INTO `sec_role_tbl` (`role_name`, `role_description`, `create_by`, `date_time`) VALUES ('Head of department', 'Demo', '1', '2021-02-23 10:23:05');
DELETE FROM `sec_role_permission`
WHERE `role_id` = 4;
INSERT INTO `sec_role_permission` (`can_access`, `can_create`, `can_delete`, `can_edit`, `createby`, `createdate`, `menu_id`, `role_id`) VALUES (0,0,0,0,'1','2021-02-23 10:23:05','188',4), (0,0,0,0,'1','2021-02-23 10:23:05','189',4), (0,0,0,0,'1','2021-02-23 10:23:05','190',4), (0,0,0,0,'1','2021-02-23 10:23:05','191',4), (0,0,0,0,'1','2021-02-23 10:23:05','192',4), (0,0,0,0,'1','2021-02-23 10:23:05','193',4), (0,0,0,0,'1','2021-02-23 10:23:05','194',4), (0,0,0,0,'1','2021-02-23 10:23:05','195',4), (0,0,0,0,'1','2021-02-23 10:23:05','196',4), (0,0,0,0,'1','2021-02-23 10:23:05','197',4), (0,0,0,0,'1','2021-02-23 10:23:05','198',4), (0,0,0,0,'1','2021-02-23 10:23:05','199',4), (0,0,0,0,'1','2021-02-23 10:23:05','200',4), (0,0,0,0,'1','2021-02-23 10:23:05','201',4), (0,0,0,0,'1','2021-02-23 10:23:05','202',4), (0,0,0,0,'1','2021-02-23 10:23:05','203',4), (0,0,0,0,'1','2021-02-23 10:23:05','206',4), (0,0,0,0,'1','2021-02-23 10:23:05','207',4), (0,0,0,0,'1','2021-02-23 10:23:05','208',4), ('1',0,0,0,'1','2021-02-23 10:23:05','134',4), ('1',0,0,0,'1','2021-02-23 10:23:05','137',4), ('1',0,0,0,'1','2021-02-23 10:23:05','142',4), ('1',0,0,0,'1','2021-02-23 10:23:05','143',4), ('1',0,0,0,'1','2021-02-23 10:23:05','144',4), ('1',0,0,0,'1','2021-02-23 10:23:05','145',4), ('1',0,0,0,'1','2021-02-23 10:23:05','147',4), ('1',0,0,0,'1','2021-02-23 10:23:05','148',4), ('1',0,0,0,'1','2021-02-23 10:23:05','211',4), ('1',0,0,0,'1','2021-02-23 10:23:05','212',4), (0,0,0,0,'1','2021-02-23 10:23:05','149',4), ('1',0,0,0,'1','2021-02-23 10:23:05','204',4), ('1',0,0,0,'1','2021-02-23 10:23:05','205',4), (0,0,0,0,'1','2021-02-23 10:23:05','156',4), (0,0,0,0,'1','2021-02-23 10:23:05','157',4), (0,0,0,0,'1','2021-02-23 10:23:05','158',4), (0,0,0,0,'1','2021-02-23 10:23:05','159',4), (0,0,0,0,'1','2021-02-23 10:23:05','161',4), (0,0,0,0,'1','2021-02-23 10:23:05','162',4), (0,0,0,0,'1','2021-02-23 10:23:05','163',4), (0,0,0,0,'1','2021-02-23 10:23:05','164',4), (0,0,0,0,'1','2021-02-23 10:23:05','165',4), (0,0,0,0,'1','2021-02-23 10:23:05','213',4), (0,0,0,0,'1','2021-02-23 10:23:05','214',4), (0,0,0,0,'1','2021-02-23 10:23:05','215',4), (0,0,0,0,'1','2021-02-23 10:23:05','216',4), (0,0,0,0,'1','2021-02-23 10:23:05','217',4), (0,0,0,0,'1','2021-02-23 10:23:05','218',4), (0,0,0,0,'1','2021-02-23 10:23:05','167',4), (0,0,0,0,'1','2021-02-23 10:23:05','168',4), (0,0,0,0,'1','2021-02-23 10:23:05','169',4), (0,0,0,0,'1','2021-02-23 10:23:05','186',4), (0,0,0,0,'1','2021-02-23 10:23:05','187',4), (0,0,0,0,'1','2021-02-23 10:23:05','170',4), (0,0,0,0,'1','2021-02-23 10:23:05','171',4), (0,0,0,0,'1','2021-02-23 10:23:05','172',4), (0,0,0,0,'1','2021-02-23 10:23:05','173',4), (0,0,0,0,'1','2021-02-23 10:23:05','174',4), (0,0,0,0,'1','2021-02-23 10:23:05','175',4), (0,0,0,0,'1','2021-02-23 10:23:05','176',4), (0,0,0,0,'1','2021-02-23 10:23:05','219',4), (0,0,0,0,'1','2021-02-23 10:23:05','150',4), (0,0,0,0,'1','2021-02-23 10:23:05','151',4), (0,0,0,0,'1','2021-02-23 10:23:05','152',4), (0,0,0,0,'1','2021-02-23 10:23:05','153',4), (0,0,0,0,'1','2021-02-23 10:23:05','154',4), (0,0,0,0,'1','2021-02-23 10:23:05','155',4), (0,0,0,0,'1','2021-02-23 10:23:05','177',4), (0,0,0,0,'1','2021-02-23 10:23:05','178',4), (0,0,0,0,'1','2021-02-23 10:23:05','179',4), (0,0,0,0,'1','2021-02-23 10:23:05','180',4), (0,0,0,0,'1','2021-02-23 10:23:05','181',4), (0,0,0,0,'1','2021-02-23 10:23:05','182',4), (0,0,0,0,'1','2021-02-23 10:23:05','183',4), ('1',0,0,0,'1','2021-02-23 10:23:05','220',4), ('1',0,0,0,'1','2021-02-23 10:23:05','221',4), ('1',0,0,0,'1','2021-02-23 10:23:05','222',4), ('1',0,0,0,'1','2021-02-23 10:23:05','223',4), ('1',0,0,0,'1','2021-02-23 10:23:05','224',4), ('1',0,0,0,'1','2021-02-23 10:23:05','225',4);
SET SESSION sql_mode = "";
SET SESSION sql_mode = "";
SET SESSION sql_mode = "";
SET SESSION sql_mode = "";
SET SESSION sql_mode = "";
SET SESSION sql_mode = "";
SET SESSION sql_mode = "";
SET SESSION sql_mode = "";
SET SESSION sql_mode = "";
SET SESSION sql_mode = "";
SET SESSION sql_mode = "";
UPDATE `user` SET `last_login` = '2021-02-23 10:23:39', `ip_address` = '172.68.169.135'
WHERE `id` = '10';
SET SESSION sql_mode = "";
SET SESSION sql_mode = "";
SET SESSION sql_mode = "";
SET SESSION sql_mode = "";
SET SESSION sql_mode = "";
SET SESSION sql_mode = "";
SET SESSION sql_mode = "";
SET SESSION sql_mode = "";
SET SESSION sql_mode = "";
SET SESSION sql_mode = "";
SET SESSION sql_mode = "";
SET SESSION sql_mode = "";
SET SESSION sql_mode = "";
SET SESSION sql_mode = "";
SET SESSION sql_mode = "";
SET SESSION sql_mode = "";
SET SESSION sql_mode = "";
SET SESSION sql_mode = "";
SET SESSION sql_mode = "";
SET SESSION sql_mode = "";
SET SESSION sql_mode = "";
SET SESSION sql_mode = "";
SET SESSION sql_mode = "";
SET SESSION sql_mode = "";
SET SESSION sql_mode = "";
SET SESSION sql_mode = "";
SET SESSION sql_mode = "";
SET SESSION sql_mode = "";
SET SESSION sql_mode = "";
SET SESSION sql_mode = "";
SET SESSION sql_mode = "";
SET SESSION sql_mode = "";
SET SESSION sql_mode = "";
SET SESSION sql_mode = "";
SET SESSION sql_mode = "";
SET SESSION sql_mode = "";
SET SESSION sql_mode = "";
SET SESSION sql_mode = "";
SET SESSION sql_mode = "";
SET SESSION sql_mode = "";
SET SESSION sql_mode = "";
SET SESSION sql_mode = "";
SET SESSION sql_mode = "";
SET SESSION sql_mode = "";
SET SESSION sql_mode = "";
SET SESSION sql_mode = "";
SET SESSION sql_mode = "";
SET SESSION sql_mode = "";
SET SESSION sql_mode = "";
SET SESSION sql_mode = "";
SET SESSION sql_mode = "";
SET SESSION sql_mode = "";
DELETE FROM `sec_user_access_tbl`
WHERE `fk_user_id` = '8';
INSERT INTO `sec_user_access_tbl` (`fk_role_id`, `fk_user_id`) VALUES ('1','8'), ('4','8');
SET SESSION sql_mode = "";
SET SESSION sql_mode = "";
SET SESSION sql_mode = "";
SET SESSION sql_mode = "";
SET SESSION sql_mode = "";
SET SESSION sql_mode = "";
SET SESSION sql_mode = "";
SET SESSION sql_mode = "";
UPDATE `user` SET `last_logout` = '2021-02-23 10:24:50'
WHERE `id` = '8';
SET SESSION sql_mode = "";
SET SESSION sql_mode = "";
SET SESSION sql_mode = "";
SET SESSION sql_mode = "";
SET SESSION sql_mode = "";
UPDATE `user` SET `last_login` = '2021-02-23 10:25:10', `ip_address` = '172.68.169.135'
WHERE `id` = '8';
SET SESSION sql_mode = "";
SET SESSION sql_mode = "";
SET SESSION sql_mode = "";
SET SESSION sql_mode = "";
SET SESSION sql_mode = "";
SET SESSION sql_mode = "";
SET SESSION sql_mode = "";
SET SESSION sql_mode = "";
SET SESSION sql_mode = "";
SET SESSION sql_mode = "";
SET SESSION sql_mode = "";
SET SESSION sql_mode = "";
SET SESSION sql_mode = "";
SET SESSION sql_mode = "";
SET SESSION sql_mode = "";
SET SESSION sql_mode = "";
SET SESSION sql_mode = "";
SET SESSION sql_mode = "";
SET SESSION sql_mode = "";
SET SESSION sql_mode = "";
SET SESSION sql_mode = "";
SET SESSION sql_mode = "";
SET SESSION sql_mode = "";
SET SESSION sql_mode = "";
SET SESSION sql_mode = "";
SET SESSION sql_mode = "";
SET SESSION sql_mode = "";
SET SESSION sql_mode = "";
SET SESSION sql_mode = "";
SET SESSION sql_mode = "";
SET SESSION sql_mode = "";
SET SESSION sql_mode = "";
SET SESSION sql_mode = "";
SET SESSION sql_mode = "";
SET SESSION sql_mode = "";
SET SESSION sql_mode = "";
SET SESSION sql_mode = "";
SET SESSION sql_mode = "";
SET SESSION sql_mode = "";
SET SESSION sql_mode = "";
SET SESSION sql_mode = "";
SET SESSION sql_mode = "";
SET SESSION sql_mode = "";
SET SESSION sql_mode = "";
SET SESSION sql_mode = "";
SET SESSION sql_mode = "";
SET SESSION sql_mode = "";
SET SESSION sql_mode = "";
SET SESSION sql_mode = "";
SET SESSION sql_mode = "";
SET SESSION sql_mode = "";
SET SESSION sql_mode = "";
SET SESSION sql_mode = "";
SET SESSION sql_mode = "";
SET SESSION sql_mode = "";
SET SESSION sql_mode = "";
SET SESSION sql_mode = "";
SET SESSION sql_mode = "";
SET SESSION sql_mode = "";
SET SESSION sql_mode = "";
SET SESSION sql_mode = "";
SET SESSION sql_mode = "";
SET SESSION sql_mode = "";
SET SESSION sql_mode = "";
SET SESSION sql_mode = "";
SET SESSION sql_mode = "";
SET SESSION sql_mode = "";
SET SESSION sql_mode = "";
SET SESSION sql_mode = "";
SET SESSION sql_mode = "";
SET SESSION sql_mode = "";
SET SESSION sql_mode = "";
SET SESSION sql_mode = "";
SET SESSION sql_mode = "";
SET SESSION sql_mode = "";
SET SESSION sql_mode = "";
SET SESSION sql_mode = "";
SET SESSION sql_mode = "";
SET SESSION sql_mode = "";
SET SESSION sql_mode = "";
SET SESSION sql_mode = "";
SET SESSION sql_mode = "";
SET SESSION sql_mode = "";
SET SESSION sql_mode = "";
SET SESSION sql_mode = "";
SET SESSION sql_mode = "";
SET SESSION sql_mode = "";
SET SESSION sql_mode = "";
SET SESSION sql_mode = "";
SET SESSION sql_mode = "";
SET SESSION sql_mode = "";
SET SESSION sql_mode = "";
SET SESSION sql_mode = "";
SET SESSION sql_mode = "";
SET SESSION sql_mode = "";
SET SESSION sql_mode = "";
SET SESSION sql_mode = "";
SET SESSION sql_mode = "";
SET SESSION sql_mode = "";
SET SESSION sql_mode = "";
SET SESSION sql_mode = "";
SET SESSION sql_mode = "";
SET SESSION sql_mode = "";
INSERT INTO `bank_information` (`id`, `bank_name`, `account_name`, `account_number`, `branch_name`) VALUES ('', 'AB Bank', 'urmi paul', '2465768', 'Khilkhet');
INSERT INTO `acc_coa` (`HeadCode`, `HeadName`, `PHeadName`, `HeadLevel`, `IsActive`, `IsTransaction`, `IsGL`, `HeadType`, `IsBudget`, `IsDepreciation`, `DepreciationRate`, `CreateBy`, `CreateDate`) VALUES (10201020003, 'AB Bank', 'Cash At Bank', '4', '1', '1', '0', 'A', '0', '0', '0', 'Urmi paul', '2021-02-23 10:29:37');
SET SESSION sql_mode = "";
SET SESSION sql_mode = "";
SET SESSION sql_mode = "";
SET SESSION sql_mode = "";
SET SESSION sql_mode = "";
SET SESSION sql_mode = "";
SET SESSION sql_mode = "";
SET SESSION sql_mode = "";
SET SESSION sql_mode = "";
SET SESSION sql_mode = "";
SET SESSION sql_mode = "";
SET SESSION sql_mode = "";
SET SESSION sql_mode = "";
SET SESSION sql_mode = "";
SET SESSION sql_mode = "";
SET SESSION sql_mode = "";
SET SESSION sql_mode = "";
SET SESSION sql_mode = "";
SET SESSION sql_mode = "";
SET SESSION sql_mode = "";
SET SESSION sql_mode = "";
SET SESSION sql_mode = "";
SET SESSION sql_mode = "";
SET SESSION sql_mode = "";
SET SESSION sql_mode = "";
SET SESSION sql_mode = "";
SET SESSION sql_mode = "";
SET SESSION sql_mode = "";
SET SESSION sql_mode = "";
SET SESSION sql_mode = "";
SET SESSION sql_mode = "";
SET SESSION sql_mode = "";
SET SESSION sql_mode = "";
SET SESSION sql_mode = "";
SET SESSION sql_mode = "";
SET SESSION sql_mode = "";
SET SESSION sql_mode = "";
SET SESSION sql_mode = "";
SET SESSION sql_mode = "";
SET SESSION sql_mode = "";
SET SESSION sql_mode = "";
SET SESSION sql_mode = "";
SET SESSION sql_mode = "";
SET SESSION sql_mode = "";
SET SESSION sql_mode = "";
SET SESSION sql_mode = "";
SET SESSION sql_mode = "";
SET SESSION sql_mode = "";
SET SESSION sql_mode = "";
SET SESSION sql_mode = "";
SET SESSION sql_mode = "";
SET SESSION sql_mode = "";
SET SESSION sql_mode = "";
SET SESSION sql_mode = "";
SET SESSION sql_mode = "";
SET SESSION sql_mode = "";
SET SESSION sql_mode = "";
SET SESSION sql_mode = "";
SET SESSION sql_mode = "";
SET SESSION sql_mode = "";
SET SESSION sql_mode = "";
SET SESSION sql_mode = "";
SET SESSION sql_mode = "";
SET SESSION sql_mode = "";
SET SESSION sql_mode = "";
SET SESSION sql_mode = "";
SET SESSION sql_mode = "";
SET SESSION sql_mode = "";
SET SESSION sql_mode = "";
SET SESSION sql_mode = "";
SET SESSION sql_mode = "";
SET SESSION sql_mode = "";
SET SESSION sql_mode = "";
SET SESSION sql_mode = "";
SET SESSION sql_mode = "";
SET SESSION sql_mode = "";
SET SESSION sql_mode = "";
SET SESSION sql_mode = "";
SET SESSION sql_mode = "";
SET SESSION sql_mode = "";
SET SESSION sql_mode = "";
SET SESSION sql_mode = "";
SET SESSION sql_mode = "";
SET SESSION sql_mode = "";
SET SESSION sql_mode = "";
SET SESSION sql_mode = "";
SET SESSION sql_mode = "";
SET SESSION sql_mode = "";
SET SESSION sql_mode = "";
SET SESSION sql_mode = "";
SET SESSION sql_mode = "";
SET SESSION sql_mode = "";
SET SESSION sql_mode = "";
SET SESSION sql_mode = "";
SET SESSION sql_mode = "";
SET SESSION sql_mode = "";
SET SESSION sql_mode = "";
SET SESSION sql_mode = "";
SET SESSION sql_mode = "";
SET SESSION sql_mode = "";
SET SESSION sql_mode = "";
SET SESSION sql_mode = "";
SET SESSION sql_mode = "";
SET SESSION sql_mode = "";
SET SESSION sql_mode = "";
SET SESSION sql_mode = "";
SET SESSION sql_mode = "";
SET SESSION sql_mode = "";
SET SESSION sql_mode = "";
SET SESSION sql_mode = "";
SET SESSION sql_mode = "";
SET SESSION sql_mode = "";
SET SESSION sql_mode = "";
SET SESSION sql_mode = "";
SET SESSION sql_mode = "";
SET SESSION sql_mode = "";
SET SESSION sql_mode = "";
SET SESSION sql_mode = "";
SET SESSION sql_mode = "";
SET SESSION sql_mode = "";
SET SESSION sql_mode = "";
SET SESSION sql_mode = "";
SET SESSION sql_mode = "";
SET SESSION sql_mode = "";
SET SESSION sql_mode = "";
SET SESSION sql_mode = "";
SET SESSION sql_mode = "";
SET SESSION sql_mode = "";
SET SESSION sql_mode = "";
SET SESSION sql_mode = "";
SET SESSION sql_mode = "";
SET SESSION sql_mode = "";
SET SESSION sql_mode = "";
SET SESSION sql_mode = "";
SET SESSION sql_mode = "";
SET SESSION sql_mode = "";
SET SESSION sql_mode = "";
SET SESSION sql_mode = "";
SET SESSION sql_mode = "";
SET SESSION sql_mode = "";
SET SESSION sql_mode = "";
SET SESSION sql_mode = "";
SET SESSION sql_mode = "";
INSERT INTO `attendance_history` (`uid`, `state`, `id`, `time`) VALUES (8, 1, 0, '2020-04-30 10:33:00');
INSERT INTO `attendance_history` (`uid`, `state`, `id`, `time`) VALUES (8, 1, 0, '2020-04-30 18:33:00');
INSERT INTO `attendance_history` (`uid`, `state`, `id`, `time`) VALUES (9, 1, 0, '2020-04-30 10:00:01');
INSERT INTO `attendance_history` (`uid`, `state`, `id`, `time`) VALUES (9, 1, 0, '2020-04-30 18:33:01');
INSERT INTO `attendance_history` (`uid`, `state`, `id`, `time`) VALUES (10, 1, 0, '2020-04-30 12:00:02');
INSERT INTO `attendance_history` (`uid`, `state`, `id`, `time`) VALUES (10, 1, 0, '2020-04-30 18:33:02');
INSERT INTO `attendance_history` (`uid`, `state`, `id`, `time`) VALUES (11, 1, 0, '2020-04-30 11:20:03');
INSERT INTO `attendance_history` (`uid`, `state`, `id`, `time`) VALUES (11, 1, 0, '2020-04-30 18:33:03');
SET SESSION sql_mode = "";
SET SESSION sql_mode = "";
SET SESSION sql_mode = "";
SET SESSION sql_mode = "";
SET SESSION sql_mode = "";
SET SESSION sql_mode = "";
SET SESSION sql_mode = "";
SET SESSION sql_mode = "";
SET SESSION sql_mode = "";
SET SESSION sql_mode = "";
SET SESSION sql_mode = "";
INSERT INTO `attendance_history` (`uid`, `state`, `id`, `time`) VALUES (1, 1, 0, '2020-04-30 10:33:00');
INSERT INTO `attendance_history` (`uid`, `state`, `id`, `time`) VALUES (1, 1, 0, '2020-04-30 18:33:00');
INSERT INTO `attendance_history` (`uid`, `state`, `id`, `time`) VALUES (2, 1, 0, '2020-04-30 10:00:01');
INSERT INTO `attendance_history` (`uid`, `state`, `id`, `time`) VALUES (2, 1, 0, '2020-04-30 18:33:01');
INSERT INTO `attendance_history` (`uid`, `state`, `id`, `time`) VALUES (3, 1, 0, '2020-04-30 12:00:02');
INSERT INTO `attendance_history` (`uid`, `state`, `id`, `time`) VALUES (3, 1, 0, '2020-04-30 18:33:02');
INSERT INTO `attendance_history` (`uid`, `state`, `id`, `time`) VALUES (4, 1, 0, '2020-04-30 11:20:03');
INSERT INTO `attendance_history` (`uid`, `state`, `id`, `time`) VALUES (4, 1, 0, '2020-04-30 18:33:03');
SET SESSION sql_mode = "";
SET SESSION sql_mode = "";
SET SESSION sql_mode = "";
SET SESSION sql_mode = "";
SET SESSION sql_mode = "";
SET SESSION sql_mode = "";
SET SESSION sql_mode = "";
SET SESSION sql_mode = "";
SET SESSION sql_mode = "";
SET SESSION sql_mode = "";
SET SESSION sql_mode = "";
SET SESSION sql_mode = "";
SET SESSION sql_mode = "";
SET SESSION sql_mode = "";
SET SESSION sql_mode = "";
SET SESSION sql_mode = "";
SET SESSION sql_mode = "";
SET SESSION sql_mode = "";
SET SESSION sql_mode = "";
SET SESSION sql_mode = "";
SET SESSION sql_mode = "";
SET SESSION sql_mode = "";
SET SESSION sql_mode = "";
SET SESSION sql_mode = "";
SET SESSION sql_mode = "";
SET SESSION sql_mode = "";
SET SESSION sql_mode = "";
SET SESSION sql_mode = "";
SET SESSION sql_mode = "";
SET SESSION sql_mode = "";
SET SESSION sql_mode = "";
SET SESSION sql_mode = "";
SET SESSION sql_mode = "";
SET SESSION sql_mode = "";
SET SESSION sql_mode = "";
SET SESSION sql_mode = "";
SET SESSION sql_mode = "";
SET SESSION sql_mode = "";
SET SESSION sql_mode = "";
SET SESSION sql_mode = "";
INSERT INTO `attendance_history` (`uid`, `state`, `id`, `time`) VALUES (1, 1, 0, '2020-03-30 10:33:00');
INSERT INTO `attendance_history` (`uid`, `state`, `id`, `time`) VALUES (1, 1, 0, '2020-03-30 18:33:00');
INSERT INTO `attendance_history` (`uid`, `state`, `id`, `time`) VALUES (2, 1, 0, '2020-03-30 10:00:01');
INSERT INTO `attendance_history` (`uid`, `state`, `id`, `time`) VALUES (2, 1, 0, '2020-03-30 18:33:01');
INSERT INTO `attendance_history` (`uid`, `state`, `id`, `time`) VALUES (3, 1, 0, '2020-03-30 12:00:02');
INSERT INTO `attendance_history` (`uid`, `state`, `id`, `time`) VALUES (3, 1, 0, '2020-03-30 18:33:02');
INSERT INTO `attendance_history` (`uid`, `state`, `id`, `time`) VALUES (4, 1, 0, '2020-03-30 11:20:03');
INSERT INTO `attendance_history` (`uid`, `state`, `id`, `time`) VALUES (4, 1, 0, '2020-03-30 18:33:03');
SET SESSION sql_mode = "";
SET SESSION sql_mode = "";
SET SESSION sql_mode = "";
SET SESSION sql_mode = "";
SET SESSION sql_mode = "";
SET SESSION sql_mode = "";
SET SESSION sql_mode = "";
SET SESSION sql_mode = "";
SET SESSION sql_mode = "";
SET SESSION sql_mode = "";
SET SESSION sql_mode = "";
INSERT INTO `attendance_history` (`uid`, `state`, `id`, `time`) VALUES (1, 1, 0, '2020-02-15 10:33:00');
INSERT INTO `attendance_history` (`uid`, `state`, `id`, `time`) VALUES (1, 1, 0, '2020-02-15 18:33:00');
INSERT INTO `attendance_history` (`uid`, `state`, `id`, `time`) VALUES (2, 1, 0, '2020-02-16 10:00:01');
INSERT INTO `attendance_history` (`uid`, `state`, `id`, `time`) VALUES (2, 1, 0, '2020-02-16 18:33:01');
INSERT INTO `attendance_history` (`uid`, `state`, `id`, `time`) VALUES (3, 1, 0, '2020-02-17 12:00:02');
INSERT INTO `attendance_history` (`uid`, `state`, `id`, `time`) VALUES (3, 1, 0, '2020-02-17 18:33:02');
INSERT INTO `attendance_history` (`uid`, `state`, `id`, `time`) VALUES (4, 1, 0, '2020-02-18 11:20:03');
INSERT INTO `attendance_history` (`uid`, `state`, `id`, `time`) VALUES (4, 1, 0, '2020-02-18 18:33:03');
SET SESSION sql_mode = "";
SET SESSION sql_mode = "";
SET SESSION sql_mode = "";
SET SESSION sql_mode = "";
SET SESSION sql_mode = "";
SET SESSION sql_mode = "";
SET SESSION sql_mode = "";
SET SESSION sql_mode = "";
SET SESSION sql_mode = "";
SET SESSION sql_mode = "";
SET SESSION sql_mode = "";
SET SESSION sql_mode = "";
SET SESSION sql_mode = "";
SET SESSION sql_mode = "";
SET SESSION sql_mode = "";
SET SESSION sql_mode = "";
SET SESSION sql_mode = "";
SET SESSION sql_mode = "";
SET SESSION sql_mode = "";
SET SESSION sql_mode = "";
SET SESSION sql_mode = "";
SET SESSION sql_mode = "";
SET SESSION sql_mode = "";
SET SESSION sql_mode = "";
SET SESSION sql_mode = "";
SET SESSION sql_mode = "";
SET SESSION sql_mode = "";
SET SESSION sql_mode = "";
SET SESSION sql_mode = "";
INSERT INTO `attendance_history` (`uid`, `state`, `id`, `time`) VALUES (1, 1, 0, '2020-03-15 10:33:00');
INSERT INTO `attendance_history` (`uid`, `state`, `id`, `time`) VALUES (1, 1, 0, '2020-03-15 18:33:00');
INSERT INTO `attendance_history` (`uid`, `state`, `id`, `time`) VALUES (2, 1, 0, '2020-03-16 10:00:01');
INSERT INTO `attendance_history` (`uid`, `state`, `id`, `time`) VALUES (2, 1, 0, '2020-03-16 18:33:01');
INSERT INTO `attendance_history` (`uid`, `state`, `id`, `time`) VALUES (3, 1, 0, '2020-03-17 12:00:02');
INSERT INTO `attendance_history` (`uid`, `state`, `id`, `time`) VALUES (3, 1, 0, '2020-03-17 18:33:02');
INSERT INTO `attendance_history` (`uid`, `state`, `id`, `time`) VALUES (4, 1, 0, '2020-03-18 11:20:03');
INSERT INTO `attendance_history` (`uid`, `state`, `id`, `time`) VALUES (4, 1, 0, '2020-03-18 18:33:03');
SET SESSION sql_mode = "";
SET SESSION sql_mode = "";
SET SESSION sql_mode = "";
SET SESSION sql_mode = "";
SET SESSION sql_mode = "";
SET SESSION sql_mode = "";
SET SESSION sql_mode = "";
SET SESSION sql_mode = "";
SET SESSION sql_mode = "";
SET SESSION sql_mode = "";
SET SESSION sql_mode = "";
SET SESSION sql_mode = "";
SET SESSION sql_mode = "";
SET SESSION sql_mode = "";
SET SESSION sql_mode = "";
SET SESSION sql_mode = "";
SET SESSION sql_mode = "";
SET SESSION sql_mode = "";
SET SESSION sql_mode = "";
SET SESSION sql_mode = "";
SET SESSION sql_mode = "";
SET SESSION sql_mode = "";
SET SESSION sql_mode = "";
SET SESSION sql_mode = "";
SET SESSION sql_mode = "";
SET SESSION sql_mode = "";
SET SESSION sql_mode = "";
SET SESSION sql_mode = "";
SET SESSION sql_mode = "";
SET SESSION sql_mode = "";
SET SESSION sql_mode = "";
SET SESSION sql_mode = "";
SET SESSION sql_mode = "";
SET SESSION sql_mode = "";
SET SESSION sql_mode = "";
SET SESSION sql_mode = "";
SET SESSION sql_mode = "";
SET SESSION sql_mode = "";
UPDATE `user` SET `last_login` = '2021-02-23 11:48:43', `ip_address` = '172.68.169.135'
WHERE `id` = '2';
SET SESSION sql_mode = "";
SET SESSION sql_mode = "";
SET SESSION sql_mode = "";
SET SESSION sql_mode = "";
SET SESSION sql_mode = "";
SET SESSION sql_mode = "";
SET SESSION sql_mode = "";
SET SESSION sql_mode = "";
SET SESSION sql_mode = "";
SET SESSION sql_mode = "";
SET SESSION sql_mode = "";
SET SESSION sql_mode = "";
SET SESSION sql_mode = "";
SET SESSION sql_mode = "";
SET SESSION sql_mode = "";
SET SESSION sql_mode = "";
SET SESSION sql_mode = "";
SET SESSION sql_mode = "";
SET SESSION sql_mode = "";
SET SESSION sql_mode = "";
SET SESSION sql_mode = "";
SET SESSION sql_mode = "";
SET SESSION sql_mode = "";
SET SESSION sql_mode = "";
SET SESSION sql_mode = "";
SET SESSION sql_mode = "";
SET SESSION sql_mode = "";
SET SESSION sql_mode = "";
SET SESSION sql_mode = "";
SET SESSION sql_mode = "";
SET SESSION sql_mode = "";
SET SESSION sql_mode = "";
SET SESSION sql_mode = "";
SET SESSION sql_mode = "";
SET SESSION sql_mode = "";
SET SESSION sql_mode = "";
SET SESSION sql_mode = "";
INSERT INTO `attendance_history` (`uid`, `state`, `id`, `time`) VALUES (1, 1, 0, '2020-06-15 10:33:00');
INSERT INTO `attendance_history` (`uid`, `state`, `id`, `time`) VALUES (1, 1, 0, '2020-06-15 18:33:00');
INSERT INTO `attendance_history` (`uid`, `state`, `id`, `time`) VALUES (2, 1, 0, '2020-06-15 10:00:01');
INSERT INTO `attendance_history` (`uid`, `state`, `id`, `time`) VALUES (2, 1, 0, '2020-06-15 18:33:01');
INSERT INTO `attendance_history` (`uid`, `state`, `id`, `time`) VALUES (3, 1, 0, '2020-06-15 12:00:02');
INSERT INTO `attendance_history` (`uid`, `state`, `id`, `time`) VALUES (3, 1, 0, '2020-06-15 18:33:02');
INSERT INTO `attendance_history` (`uid`, `state`, `id`, `time`) VALUES (4, 1, 0, '2020-06-15 11:20:03');
INSERT INTO `attendance_history` (`uid`, `state`, `id`, `time`) VALUES (4, 1, 0, '2020-06-15 18:33:03');
SET SESSION sql_mode = "";
SET SESSION sql_mode = "";
INSERT INTO `attendance_history` (`uid`, `state`, `id`, `time`) VALUES (1, 1, 0, '2020-05-15 10:33:00');
INSERT INTO `attendance_history` (`uid`, `state`, `id`, `time`) VALUES (1, 1, 0, '2020-05-15 18:33:00');
INSERT INTO `attendance_history` (`uid`, `state`, `id`, `time`) VALUES (2, 1, 0, '2020-05-16 10:00:01');
INSERT INTO `attendance_history` (`uid`, `state`, `id`, `time`) VALUES (2, 1, 0, '2020-05-16 18:33:01');
INSERT INTO `attendance_history` (`uid`, `state`, `id`, `time`) VALUES (3, 1, 0, '2020-05-17 12:00:02');
INSERT INTO `attendance_history` (`uid`, `state`, `id`, `time`) VALUES (3, 1, 0, '2020-05-17 18:33:02');
INSERT INTO `attendance_history` (`uid`, `state`, `id`, `time`) VALUES (4, 1, 0, '2020-05-18 11:20:03');
INSERT INTO `attendance_history` (`uid`, `state`, `id`, `time`) VALUES (4, 1, 0, '2020-05-18 18:33:03');
SET SESSION sql_mode = "";
SET SESSION sql_mode = "";
SET SESSION sql_mode = "";
SET SESSION sql_mode = "";
SET SESSION sql_mode = "";
SET SESSION sql_mode = "";
SET SESSION sql_mode = "";
SET SESSION sql_mode = "";
SET SESSION sql_mode = "";
SET SESSION sql_mode = "";
SET SESSION sql_mode = "";
SET SESSION sql_mode = "";
SET SESSION sql_mode = "";
SET SESSION sql_mode = "";
SET SESSION sql_mode = "";
SET SESSION sql_mode = "";
SET SESSION sql_mode = "";
SET SESSION sql_mode = "";
SET SESSION sql_mode = "";
SET SESSION sql_mode = "";
SET SESSION sql_mode = "";
SET SESSION sql_mode = "";
SET SESSION sql_mode = "";
INSERT INTO `attendance_history` (`uid`, `state`, `id`, `time`) VALUES (1, 1, 0, '2021-05-15 10:33:00');
INSERT INTO `attendance_history` (`uid`, `state`, `id`, `time`) VALUES (1, 1, 0, '2021-05-15 18:33:00');
INSERT INTO `attendance_history` (`uid`, `state`, `id`, `time`) VALUES (2, 1, 0, '2021-05-16 10:00:01');
INSERT INTO `attendance_history` (`uid`, `state`, `id`, `time`) VALUES (2, 1, 0, '2021-05-16 18:33:01');
INSERT INTO `attendance_history` (`uid`, `state`, `id`, `time`) VALUES (3, 1, 0, '2021-05-17 12:00:02');
INSERT INTO `attendance_history` (`uid`, `state`, `id`, `time`) VALUES (3, 1, 0, '2021-05-17 18:33:02');
INSERT INTO `attendance_history` (`uid`, `state`, `id`, `time`) VALUES (4, 1, 0, '2021-05-18 11:20:03');
INSERT INTO `attendance_history` (`uid`, `state`, `id`, `time`) VALUES (4, 1, 0, '2021-05-18 18:33:03');
SET SESSION sql_mode = "";
SET SESSION sql_mode = "";
SET SESSION sql_mode = "";
SET SESSION sql_mode = "";
SET SESSION sql_mode = "";
SET SESSION sql_mode = "";
SET SESSION sql_mode = "";
SET SESSION sql_mode = "";
SET SESSION sql_mode = "";
SET SESSION sql_mode = "";
SET SESSION sql_mode = "";
SET SESSION sql_mode = "";
SET SESSION sql_mode = "";
SET SESSION sql_mode = "";
SET SESSION sql_mode = "";
SET SESSION sql_mode = "";
SET SESSION sql_mode = "";
SET SESSION sql_mode = "";
SET SESSION sql_mode = "";
SET SESSION sql_mode = "";
SET SESSION sql_mode = "";
SET SESSION sql_mode = "";
INSERT INTO `attendance_history` (`uid`, `state`, `id`, `time`) VALUES (1, 1, 0, '2021-07-15 10:33:00');
INSERT INTO `attendance_history` (`uid`, `state`, `id`, `time`) VALUES (1, 1, 0, '2021-07-15 18:33:00');
SET SESSION sql_mode = "";
SET SESSION sql_mode = "";
SET SESSION sql_mode = "";
SET SESSION sql_mode = "";
SET SESSION sql_mode = "";
SET SESSION sql_mode = "";
SET SESSION sql_mode = "";
SET SESSION sql_mode = "";
SET SESSION sql_mode = "";
SET SESSION sql_mode = "";
SET SESSION sql_mode = "";
SET SESSION sql_mode = "";
SET SESSION sql_mode = "";
SET SESSION sql_mode = "";
SET SESSION sql_mode = "";
SET SESSION sql_mode = "";
INSERT INTO `attendance_history` (`uid`, `state`, `id`, `time`) VALUES (1, 1, 0, '2021-03-15 00:41:00');
INSERT INTO `attendance_history` (`uid`, `state`, `id`, `time`) VALUES (1, 1, 0, '2021-03-15 18:33:00');
INSERT INTO `attendance_history` (`uid`, `state`, `id`, `time`) VALUES (2, 1, 0, '2021-03-16 00:00:00');
INSERT INTO `attendance_history` (`uid`, `state`, `id`, `time`) VALUES (2, 1, 0, '2021-03-16 18:33:01');
INSERT INTO `attendance_history` (`uid`, `state`, `id`, `time`) VALUES (3, 1, 0, '2021-03-17 00:05:00');
INSERT INTO `attendance_history` (`uid`, `state`, `id`, `time`) VALUES (3, 1, 0, '2021-03-17 18:33:02');
INSERT INTO `attendance_history` (`uid`, `state`, `id`, `time`) VALUES (4, 1, 0, '2021-03-18 00:54:00');
INSERT INTO `attendance_history` (`uid`, `state`, `id`, `time`) VALUES (4, 1, 0, '2021-03-18 18:33:03');
SET SESSION sql_mode = "";
SET SESSION sql_mode = "";
SET SESSION sql_mode = "";
SET SESSION sql_mode = "";
SET SESSION sql_mode = "";
SET SESSION sql_mode = "";
SET SESSION sql_mode = "";
SET SESSION sql_mode = "";
SET SESSION sql_mode = "";
SET SESSION sql_mode = "";
SET SESSION sql_mode = "";
SET SESSION sql_mode = "";
SET SESSION sql_mode = "";
SET SESSION sql_mode = "";
SET SESSION sql_mode = "";
SET SESSION sql_mode = "";
SET SESSION sql_mode = "";
SET SESSION sql_mode = "";
SET SESSION sql_mode = "";
SET SESSION sql_mode = "";
SET SESSION sql_mode = "";
SET SESSION sql_mode = "";
SET SESSION sql_mode = "";
SET SESSION sql_mode = "";
SET SESSION sql_mode = "";
INSERT INTO `attendance_history` (`uid`, `state`, `id`, `time`) VALUES (1, 1, 0, '2021-03-15 10:00:00');
INSERT INTO `attendance_history` (`uid`, `state`, `id`, `time`) VALUES (2, 1, 0, '2021-03-16 11:00:00');
INSERT INTO `attendance_history` (`uid`, `state`, `id`, `time`) VALUES (3, 1, 0, '2021-03-17 12:00:00');
INSERT INTO `attendance_history` (`uid`, `state`, `id`, `time`) VALUES (4, 1, 0, '2021-03-18 01:00:00');
SET SESSION sql_mode = "";
SET SESSION sql_mode = "";
SET SESSION sql_mode = "";
SET SESSION sql_mode = "";
SET SESSION sql_mode = "";
SET SESSION sql_mode = "";
SET SESSION sql_mode = "";
SET SESSION sql_mode = "";
SET SESSION sql_mode = "";
SET SESSION sql_mode = "";
SET SESSION sql_mode = "";
INSERT INTO `attendance_history` (`uid`, `state`, `id`, `time`) VALUES (1, 1, 0, '2021-03-20 10:00:00');
INSERT INTO `attendance_history` (`uid`, `state`, `id`, `time`) VALUES (1, 1, 0, '2021-03-20 18:33:00');
INSERT INTO `attendance_history` (`uid`, `state`, `id`, `time`) VALUES (2, 1, 0, '2021-03-21 11:00:00');
INSERT INTO `attendance_history` (`uid`, `state`, `id`, `time`) VALUES (2, 1, 0, '2021-03-21 18:33:01');
INSERT INTO `attendance_history` (`uid`, `state`, `id`, `time`) VALUES (3, 1, 0, '2021-03-22 12:00:00');
INSERT INTO `attendance_history` (`uid`, `state`, `id`, `time`) VALUES (3, 1, 0, '2021-03-22 18:33:02');
INSERT INTO `attendance_history` (`uid`, `state`, `id`, `time`) VALUES (4, 1, 0, '2021-03-23 01:00:00');
INSERT INTO `attendance_history` (`uid`, `state`, `id`, `time`) VALUES (4, 1, 0, '2021-03-23 18:33:03');
SET SESSION sql_mode = "";
SET SESSION sql_mode = "";
SET SESSION sql_mode = "";
SET SESSION sql_mode = "";
SET SESSION sql_mode = "";
SET SESSION sql_mode = "";
SET SESSION sql_mode = "";
SET SESSION sql_mode = "";
SET SESSION sql_mode = "";
SET SESSION sql_mode = "";
SET SESSION sql_mode = "";
SET SESSION sql_mode = "";
SET SESSION sql_mode = "";
SET SESSION sql_mode = "";
SET SESSION sql_mode = "";
SET SESSION sql_mode = "";
SET SESSION sql_mode = "";
SET SESSION sql_mode = "";
SET SESSION sql_mode = "";
SET SESSION sql_mode = "";
SET SESSION sql_mode = "";
SET SESSION sql_mode = "";
SET SESSION sql_mode = "";
SET SESSION sql_mode = "";
SET SESSION sql_mode = "";
SET SESSION sql_mode = "";
SET SESSION sql_mode = "";
SET SESSION sql_mode = "";
SET SESSION sql_mode = "";
UPDATE `user` SET `last_login` = '2021-02-24 04:00:35', `ip_address` = '172.68.169.131'
WHERE `id` = '2';
SET SESSION sql_mode = "";
SET SESSION sql_mode = "";
SET SESSION sql_mode = "";
SET SESSION sql_mode = "";
SET SESSION sql_mode = "";
SET SESSION sql_mode = "";
SET SESSION sql_mode = "";
SET SESSION sql_mode = "";
SET SESSION sql_mode = "";
SET SESSION sql_mode = "";
SET SESSION sql_mode = "";
UPDATE `user` SET `last_login` = '2021-02-24 05:49:50', `ip_address` = '172.68.169.135'
WHERE `id` = '1';
SET SESSION sql_mode = "";
SET SESSION sql_mode = "";
SET SESSION sql_mode = "";
SET SESSION sql_mode = "";
SET SESSION sql_mode = "";
SET SESSION sql_mode = "";
SET SESSION sql_mode = "";
SET SESSION sql_mode = "";
SET SESSION sql_mode = "";
SET SESSION sql_mode = "";
SET SESSION sql_mode = "";
SET SESSION sql_mode = "";
SET SESSION sql_mode = "";
SET SESSION sql_mode = "";
SET SESSION sql_mode = "";
SET SESSION sql_mode = "";
SET SESSION sql_mode = "";
SET SESSION sql_mode = "";
SET SESSION sql_mode = "";
SET SESSION sql_mode = "";
SET SESSION sql_mode = "";
SET SESSION sql_mode = "";
SET SESSION sql_mode = "";
UPDATE `user` SET `last_login` = '2021-02-24 06:30:42', `ip_address` = '172.68.169.135'
WHERE `id` = '2';
SET SESSION sql_mode = "";
SET SESSION sql_mode = "";
SET SESSION sql_mode = "";
SET SESSION sql_mode = "";
SET SESSION sql_mode = "";
SET SESSION sql_mode = "";
SET SESSION sql_mode = "";
SET SESSION sql_mode = "";
SET SESSION sql_mode = "";
SET SESSION sql_mode = "";
SET SESSION sql_mode = "";
SET SESSION sql_mode = "";
SET SESSION sql_mode = "";
SET SESSION sql_mode = "";
SET SESSION sql_mode = "";
SET SESSION sql_mode = "";
SET SESSION sql_mode = "";
SET SESSION sql_mode = "";
SET SESSION sql_mode = "";
SET SESSION sql_mode = "";
SET SESSION sql_mode = "";
SET SESSION sql_mode = "";
SET SESSION sql_mode = "";
SET SESSION sql_mode = "";
SET SESSION sql_mode = "";
SET SESSION sql_mode = "";
SET SESSION sql_mode = "";
SET SESSION sql_mode = "";
UPDATE `user` SET `last_login` = '2021-02-24 09:43:16', `ip_address` = '172.68.169.131'
WHERE `id` = '1';
SET SESSION sql_mode = "";
SET SESSION sql_mode = "";
SET SESSION sql_mode = "";
SET SESSION sql_mode = "";
SET SESSION sql_mode = "";
SET SESSION sql_mode = "";
SET SESSION sql_mode = "";
SET SESSION sql_mode = "";
SET SESSION sql_mode = "";
SET SESSION sql_mode = "";
SET SESSION sql_mode = "";
SET SESSION sql_mode = "";
SET SESSION sql_mode = "";
SET SESSION sql_mode = "";
SET SESSION sql_mode = "";
SET SESSION sql_mode = "";
SET SESSION sql_mode = "";
SET SESSION sql_mode = "";
SET SESSION sql_mode = "";
SET SESSION sql_mode = "";
SET SESSION sql_mode = "";
SET SESSION sql_mode = "";
SET SESSION sql_mode = "";
SET SESSION sql_mode = "";
SET SESSION sql_mode = "";
SET SESSION sql_mode = "";
SET SESSION sql_mode = "";
SET SESSION sql_mode = "";
SET SESSION sql_mode = "";
SET SESSION sql_mode = "";
SET SESSION sql_mode = "";
SET SESSION sql_mode = "";
SET SESSION sql_mode = "";
SET SESSION sql_mode = "";
SET SESSION sql_mode = "";
SET SESSION sql_mode = "";
SET SESSION sql_mode = "";
SET SESSION sql_mode = "";
SET SESSION sql_mode = "";
SET SESSION sql_mode = "";
SET SESSION sql_mode = "";
SET SESSION sql_mode = "";
SET SESSION sql_mode = "";
SET SESSION sql_mode = "";
SET SESSION sql_mode = "";
SET SESSION sql_mode = "";
SET SESSION sql_mode = "";
SET SESSION sql_mode = "";
SET SESSION sql_mode = "";
SET SESSION sql_mode = "";
SET SESSION sql_mode = "";
SET SESSION sql_mode = "";
SET SESSION sql_mode = "";
SET SESSION sql_mode = "";
SET SESSION sql_mode = "";
SET SESSION sql_mode = "";
SET SESSION sql_mode = "";
SET SESSION sql_mode = "";
SET SESSION sql_mode = "";
SET SESSION sql_mode = "";
SET SESSION sql_mode = "";
SET SESSION sql_mode = "";
SET SESSION sql_mode = "";
SET SESSION sql_mode = "";
SET SESSION sql_mode = "";
SET SESSION sql_mode = "";
SET SESSION sql_mode = "";
SET SESSION sql_mode = "";
SET SESSION sql_mode = "";
SET SESSION sql_mode = "";
SET SESSION sql_mode = "";
SET SESSION sql_mode = "";
SET SESSION sql_mode = "";
SET SESSION sql_mode = "";
SET SESSION sql_mode = "";
SET SESSION sql_mode = "";
SET SESSION sql_mode = "";
SET SESSION sql_mode = "";
SET SESSION sql_mode = "";
SET SESSION sql_mode = "";
SET SESSION sql_mode = "";
SET SESSION sql_mode = "";
SET SESSION sql_mode = "";
SET SESSION sql_mode = "";
SET SESSION sql_mode = "";
SET SESSION sql_mode = "";
SET SESSION sql_mode = "";
SET SESSION sql_mode = "";
SET SESSION sql_mode = "";
SET SESSION sql_mode = "";
SET SESSION sql_mode = "";
SET SESSION sql_mode = "";
SET SESSION sql_mode = "";
SET SESSION sql_mode = "";
SET SESSION sql_mode = "";
SET SESSION sql_mode = "";
SET SESSION sql_mode = "";
SET SESSION sql_mode = "";
SET SESSION sql_mode = "";
SET SESSION sql_mode = "";
UPDATE `user` SET `last_logout` = '2021-02-24 10:23:57'
WHERE `id` = '1';
SET SESSION sql_mode = "";
SET SESSION sql_mode = "";
SET SESSION sql_mode = "";
SET SESSION sql_mode = "";
SET SESSION sql_mode = "";
UPDATE `user` SET `last_login` = '2021-02-24 10:24:21', `ip_address` = '172.68.169.131'
WHERE `id` = '1';
SET SESSION sql_mode = "";
SET SESSION sql_mode = "";
SET SESSION sql_mode = "";
SET SESSION sql_mode = "";
SET SESSION sql_mode = "";
SET SESSION sql_mode = "";
SET SESSION sql_mode = "";
SET SESSION sql_mode = "";
SET SESSION sql_mode = "";
SET SESSION sql_mode = "";
SET SESSION sql_mode = "";
SET SESSION sql_mode = "";
SET SESSION sql_mode = "";
SET SESSION sql_mode = "";
SET SESSION sql_mode = "";
SET SESSION sql_mode = "";
SET SESSION sql_mode = "";
SET SESSION sql_mode = "";
SET SESSION sql_mode = "";
SET SESSION sql_mode = "";
SET SESSION sql_mode = "";
SET SESSION sql_mode = "";
SET SESSION sql_mode = "";
SET SESSION sql_mode = "";
SET SESSION sql_mode = "";
SET SESSION sql_mode = "";
INSERT INTO `employee_history` (`employee_id`, `pos_id`, `first_name`, `middle_name`, `last_name`, `maiden_name`, `email`, `phone`, `alter_phone`, `present_address`, `parmanent_address`, `picture`, `dept_id`, `state`, `city`, `zip`, `citizenship`, `duty_type`, `hire_date`, `original_hire_date`, `termination_date`, `termination_reason`, `voluntary_termination`, `rehire_date`, `rate_type`, `rate`, `pay_frequency`, `pay_frequency_txt`, `hourly_rate2`, `hourly_rate3`, `home_department`, `department_text`, `class_code`, `class_code_desc`, `class_acc_date`, `class_status`, `is_super_visor`, `super_visor_id`, `supervisor_report`, `dob`, `gender`, `marital_status`, `ethnic_group`, `eeo_class_gp`, `ssn`, `work_in_state`, `live_in_state`, `home_email`, `business_email`, `home_phone`, `business_phone`, `cell_phone`, `emerg_contct`, `emrg_h_phone`, `emrg_w_phone`, `emgr_contct_relation`, `alt_em_contct`, `alt_emg_h_phone`, `alt_emg_w_phone`, `password`) VALUES (7, '3', 'Md', '', 'Test', '', 'mdtest@gmail.com', '8765342', '', NULL, NULL, './application/modules/employee/assets/images/2021-02-24/Bin.jpg', '6', 'Afghanistan', '', '', '1', '1', '2021-02-24', '2021-02-24', '1970-01-01', '', '', '1970-01-01', '1', '66', '4', '', '', '', '', '', '', '', '1970-01-01', '1', '0', '', '', '1990-02-24', '1', '1', '', '', 'ssn2121', '1', '1', '', '', '8765342', '', '8765342', '8765342', '8765342', '8765342', '', '', '8765342', '8765342', 'e10adc3949ba59abbe56e057f20f883e');
INSERT INTO `user` (`firstname`, `lastname`, `email`, `password`, `is_admin`, `image`) VALUES ('Md', 'Test', 'mdtest@gmail.com', 'e10adc3949ba59abbe56e057f20f883e', 0, 'application/modules/employee/assets/images/2021-02-24/Bin.jpg');
INSERT INTO `sec_user_access_tbl` (`fk_role_id`, `fk_user_id`) VALUES (1, 11);
INSERT INTO `acc_coa` (`HeadCode`, `HeadName`, `PHeadName`, `HeadLevel`, `IsActive`, `IsTransaction`, `IsGL`, `HeadType`, `IsBudget`, `IsDepreciation`, `DepreciationRate`, `CreateBy`, `CreateDate`) VALUES (502020000007, '7-MdTest', 'Account Payable', '2', '1', '1', '0', 'L', '0', '0', '0', '', '2021-02-24 10:28:18');
SET SESSION sql_mode = "";
SET SESSION sql_mode = "";
SET SESSION sql_mode = "";
SET SESSION sql_mode = "";
SET SESSION sql_mode = "";
SET SESSION sql_mode = "";
SET SESSION sql_mode = "";
SET SESSION sql_mode = "";
SET SESSION sql_mode = "";
SET SESSION sql_mode = "";
SET SESSION sql_mode = "";
SET SESSION sql_mode = "";
SET SESSION sql_mode = "";
SET SESSION sql_mode = "";
SET SESSION sql_mode = "";
SET SESSION sql_mode = "";
SET SESSION sql_mode = "";
SET SESSION sql_mode = "";
SET SESSION sql_mode = "";
SET SESSION sql_mode = "";
SET SESSION sql_mode = "";
SET SESSION sql_mode = "";
SET SESSION sql_mode = "";
SET SESSION sql_mode = "";
SET SESSION sql_mode = "";
SET SESSION sql_mode = "";
SET SESSION sql_mode = "";
SET SESSION sql_mode = "";
SET SESSION sql_mode = "";
SET SESSION sql_mode = "";
SET SESSION sql_mode = "";
SET SESSION sql_mode = "";
SET SESSION sql_mode = "";
SET SESSION sql_mode = "";
SET SESSION sql_mode = "";
SET SESSION sql_mode = "";
SET SESSION sql_mode = "";
SET SESSION sql_mode = "";
SET SESSION sql_mode = "";
SET SESSION sql_mode = "";
SET SESSION sql_mode = "";
SET SESSION sql_mode = "";
SET SESSION sql_mode = "";
SET SESSION sql_mode = "";
SET SESSION sql_mode = "";
SET SESSION sql_mode = "";
SET SESSION sql_mode = "";
SET SESSION sql_mode = "";
SET SESSION sql_mode = "";
SET SESSION sql_mode = "";
SET SESSION sql_mode = "";
SET SESSION sql_mode = "";
SET SESSION sql_mode = "";
SET SESSION sql_mode = "";
SET SESSION sql_mode = "";
SET SESSION sql_mode = "";
SET SESSION sql_mode = "";
SET SESSION sql_mode = "";
SET SESSION sql_mode = "";
SET SESSION sql_mode = "";
SET SESSION sql_mode = "";
SET SESSION sql_mode = "";
SET SESSION sql_mode = "";
SET SESSION sql_mode = "";
SET SESSION sql_mode = "";
SET SESSION sql_mode = "";
SET SESSION sql_mode = "";
SET SESSION sql_mode = "";
SET SESSION sql_mode = "";
SET SESSION sql_mode = "";
SET SESSION sql_mode = "";
SET SESSION sql_mode = "";
SET SESSION sql_mode = "";
SET SESSION sql_mode = "";
SET SESSION sql_mode = "";
SET SESSION sql_mode = "";
SET SESSION sql_mode = "";
SET SESSION sql_mode = "";
SET SESSION sql_mode = "";
SET SESSION sql_mode = "";
SET SESSION sql_mode = "";
SET SESSION sql_mode = "";
SET SESSION sql_mode = "";
SET SESSION sql_mode = "";
SET SESSION sql_mode = "";
SET SESSION sql_mode = "";
SET SESSION sql_mode = "";
SET SESSION sql_mode = "";
SET SESSION sql_mode = "";
SET SESSION sql_mode = "";
SET SESSION sql_mode = "";
SET SESSION sql_mode = "";
SET SESSION sql_mode = "";
SET SESSION sql_mode = "";
SET SESSION sql_mode = "";
SET SESSION sql_mode = "";
SET SESSION sql_mode = "";
SET SESSION sql_mode = "";
UPDATE `user` SET `last_login` = '2021-02-25 04:42:00', `ip_address` = '172.68.169.135'
WHERE `id` = '2';
SET SESSION sql_mode = "";
SET SESSION sql_mode = "";
SET SESSION sql_mode = "";
SET SESSION sql_mode = "";
SET SESSION sql_mode = "";
SET SESSION sql_mode = "";
SET SESSION sql_mode = "";
SET SESSION sql_mode = "";
SET SESSION sql_mode = "";
SET SESSION sql_mode = "";
SET SESSION sql_mode = "";
SET SESSION sql_mode = "";
SET SESSION sql_mode = "";
SET SESSION sql_mode = "";
SET SESSION sql_mode = "";
UPDATE `user` SET `last_logout` = '2021-02-27 12:47:39'
WHERE `id` = '1';
SET SESSION sql_mode = "";
SET SESSION sql_mode = "";
SET SESSION sql_mode = "";
SET SESSION sql_mode = "";
SET SESSION sql_mode = "";
SET SESSION sql_mode = "";
SET SESSION sql_mode = "";
SET SESSION sql_mode = "";
SET SESSION sql_mode = "";
SET SESSION sql_mode = "";
UPDATE `user` SET `last_login` = '2021-03-30 07:00:02', `ip_address` = '::1'
WHERE `id` = '1';
SET SESSION sql_mode = "";
SET SESSION sql_mode = "";
SET SESSION sql_mode = "";
